17360
21607
2637
31685
20306
30848
32356
24994
11673
11089
1344
22106
32198
20738
28095
15209
28986
5128
15569
13578
16912
4505
30754
23117
29418
10851
1017
11113
15345
19325
6240
16979
18711
17310
4485
29072
11680
30861
8032
17735
12512
4312
6294
6810
22598
26057
29853
16694
21145
20886
12577
23337
10370
11736
9895
28405
22091
5694
4209
24546
13030
17283
19361
16536
18481
4765
4513
13292
120
3128
12737
20475
19771
98
3618
14197
11058
2696
24532
23868
10127
4513
1595
9774
19075
6313
26039
23870
2819
29521
6531
11722
12236
13045
31966
6185
16805
24526
20329
5251
29412
21097
30929
22501
8243
16727
12205
28564
20116
22311
1962
9890
19107
25745
10981
27072
19739
756
17048
7507
18588
15107
21241
6602
17580
954
3679
16942
27131
11672
25511
26874
9195
3592
19414
30510
31567
32544
6911
2463
3699
1933
22632
30865
19038
16078
25064
32135
18771
16801
24211
27482
31390
19131
17562
11401
30605
17340
30316
31696
10684
25186
15137
2812
9877
9725
5657
3069
25624
18723
16864
20541
10968
31652
21077
29232
26950
30912
16908
15661
19506
19864
28400
18300
16527
25571
18989
29360
17015
9442
16205
17974
7535
18582
5792
22575
491
9520
22242
14459
5141
4809
27160
4630
22474
14163
2491
30376
7653
20176
13848
2135
22209
17346
15607
30176
28153
11234
4987
31974
4978
32020
1865
26250
5532
3739
2796
12859
12532
14985
8569
25295
30926
13178
11630
8659
15697
25218
9952
11552
4803
24932
31958
17071
24071
25861
9712
32431
2659
11296
9292
24532
19591
17978
169
26097
5835
18137
205
32457
8889
14577
7461
13603
13259
26271
31148
22044
30581
18713
26125
193
9830
13542
10508
21469
19212
5706
6946
11792
20822
20997
21607
13345
17341
7741
29110
4501
22917
26552
13579
10113
14912
5966
1327
7580
6805
19358
4248
2456
5695
23297
6026
8371
27480
12732
8579
10121
31448
24698
8662
5164
12889
28409
20374
5750
17181
18179
13493
31390
19025
19360
14445
6666
20115
28810
10463
20068
14003
26081
2043
6896
7606
11296
8095
29
10273
9296
8451
11610
15988
28795
21332
1322
20724
14436
5535
10107
2221
9845
14321
30260
2488
12537
28605
18445
10938
907
27517
15779
17837
7374
18844
27852
1507
29791
30356
22055
22343
15624
13908
22776
23271
5943
23780
6451
1199
18350
31307
3031
18039
18043
32177
7549
27713
14891
5057
10033
3515
13115
17489
9600
14604
15311
4933
26066
15052
4006
10416
7675
10068
4174
17469
8716
2361
18836
32718
11375
22803
6719
9570
27699
8835
21758
7228
19876
31348
28062
12610
12575
10912
1664
16035
1060
13910
29259
30396
28845
7291
32222
22077
5822
31440
5769
391
1086
30322
8316
4441
24325
3495
4479
4780
30006
14039
9188
15835
10191
28889
13754
10503
25470
10353
10308
31162
7095
5910
21418
22986
31747
32504
25325
13185
17307
26689
11296
30970
32565
17307
22742
31438
5406
5619
29399
4593
22409
4477
10519
8406
4391
16377
24808
12250
16375
8756
26478
10463
29280
26833
22355
30263
31357
10825
1725
2245
27576
14897
4477
2398
5786
1468
21386
14709
30433
6528
26541
18168
18387
13437
32381
6005
13011
3163
8590
20097
19506
9971
14054
4954
21063
27921
22704
22987
25282
23160
21813
12880
6717
28455
27399
25979
21012
17883
5503
24214
28791
29653
32106
10634
32445
5597
25088
2048
31227
11911
3606
25029
4566
14773
11668
5235
18837
6493
5928
26190
12155
16269
24124
8300
7763
14764
16678
5145
15692
258
18335
3961
12807
13435
9591
1391
14575
8103
13703
27838
6089
13062
8422
6766
7819
20867
1632
7026
10866
5950
13859
20871
24399
32142
21948
22367
2850
71
66
28671
26601
10296
14033
1382
12218
7928
13626
31343
14096
12259
32505
21496
355
23135
14440
32068
1019
22884
8242
11166
2821
17467
15625
9535
29927
11397
5020
28530
14289
23936
30915
10230
26004
8326
21501
3492
8632
10966
26141
31825
15816
6295
26688
24566
28657
6426
5890
25359
22476
12384
32242
23616
17783
12764
5955
16190
30442
22649
5060
5357
16264
8159
24338
16070
19957
17138
13323
2428
1064
924
21895
21215
5569
8141
16195
18176
24732
6080
25374
30870
13222
10623
18056
22688
30703
9641
5175
20812
28673
371
30235
2072
369
18925
19349
2871
15539
23687
4068
28214
5938
2259
1248
6623
2976
32652
30186
21342
5259
13016
10019
16034
13618
3018
17628
24582
1174
6443
26446
24881
28372
7034
32395
7482
8369
4657
15029
14352
20855
11850
17518
17690
24320
19970
22927
16666
28688
26077
8733
25431
4328
31466
20857
2555
32279
4680
26582
17850
4500
14825
10224
18612
1546
3734
5372
15517
1139
25395
3290
17435
12264
27973
21138
11119
9143
6833
7422
3160
6071
29894
32196
26932
7896
13438
13448
873
13310
27649
16991
28931
2320
26987
20870
13727
19531
14031
17748
25223
22493
23420
1645
542
32687
17023
24377
21119
29058
27241
31892
4961
23357
16978
26311
27454
19333
22557
1719
10164
143
15358
2909
23851
6450
15674
17270
10680
23617
25646
16252
8001
2583
19859
20436
6370
27763
19200
13129
32656
6279
27824
2489
16892
5963
22662
24334
954
26647
4686
25200
18339
4465
6470
7610
6520
13348
32477
16682
31432
21650
23226
22364
5907
20042
16384
30073
815
9693
6097
15276
3051
11502
1297
14805
22515
11401
13676
3202
24819
2486
17306
17947
2047
6221
3809
30812
18739
4107
11228
29192
21142
22502
21116
1244
580
7070
27980
26562
4045
24469
11769
2376
25816
1760
19217
26192
26892
32670
19211
14601
17712
2440
136
5150
24976
19146
7128
15917
9123
10002
30144
24954
12012
3302
30586
25573
11550
11578
17406
31513
24963
20802
1664
20743
2974
17029
2618
19603
23824
31027
32619
21132
1720
1208
4512
4834
8478
25233
13106
13843
29714
14174
16912
32487
24976
7737
27070
13405
30695
583
26270
26597
28442
13964
3695
27599
5511
16388
16915
3588
28614
1519
11413
27380
4052
23660
29546
27855
26481
7497
15351
19192
6598
17178
10836
7607
4171
14984
15696
23086
22248
24044
11189
19086
859
20253
9933
22154
11225
9093
9764
12300
12536
5755
8336
14375
24268
13773
22127
12366
10576
15515
4400
3011
2056
4204
31765
30033
13541
5243
31286
23870
21097
18258
7626
9084
15627
24218
9378
12831
3037
21810
7670
7188
1132
8062
7524
5135
1512
31234
7990
20421
12165
1583
484
11100
17952
10620
14553
8479
7462
25273
7290
26999
1714
2464
31589
22294
3829
11438
20726
17270
1755
305
17680
8066
8683
6561
22810
31891
11120
22067
26183
8605
5846
17324
20763
171
28502
23667
5675
8328
27350
24555
5156
20159
9226
13311
14094
11718
16352
1279
26834
29559
539
6058
27386
27583
5437
396
32185
5018
2475
15242
30763
24639
20492
17083
13789
1687
13042
15225
32144
22260
5052
19128
17722
256
28347
6551
30542
21492
27283
14133
7485
20234
30436
19654
4925
5684
15914
22502
10569
7950
28386
24364
21865
10769
8175
21763
23347
23562
21563
7349
3218
3019
24993
26057
1990
6177
16139
20879
5804
23046
32215
5881
4928
1815
29312
6316
30048
6216
20602
8535
28115
2262
15709
14916
12937
381
8006
20525
24612
17388
10874
6736
5304
27254
29261
30661
10191
20490
323
14096
9137
13413
15476
31731
25570
28806
5685
14214
31979
20322
21492
26249
20829
24282
27492
2552
30740
19690
15067
3552
22457
9507
8440
4722
7050
603
14216
19285
25950
2211
13738
26945
24803
15225
15666
16842
7211
1087
5964
10617
18791
31980
9314
13345
19954
21250
831
20336
17041
22208
13172
27589
18681
2712
14074
10049
23185
18147
30490
12065
29818
17876
28810
19275
17613
11178
27353
18470
15651
24362
16140
12975
11867
17997
29066
6858
20887
15158
9013
20437
25224
19814
7642
19331
12012
9011
32715
16104
16212
3958
19146
30160
32043
12165
23081
1109
31220
9569
1072
29361
15315
16944
27327
23376
13135
13549
16180
12074
15958
4446
32143
5199
23681
17222
25301
4803
30874
16861
8882
909
27484
6013
8289
30219
7033
4510
11985
32648
24290
11524
7168
10512
322
4663
2987
28547
5067
13876
25898
2537
27190
29538
22678
27141
26885
11975
16172
11053
2316
23932
23286
25433
13359
32350
14760
2681
24429
23559
16072
27660
1566
11005
6417
22254
27256
22568
10010
32625
16216
7050
3891
18352
8000
9002
3727
25120
29851
27217
17321
616
14153
4345
30688
4211
9047
18307
11364
4547
19726
8872
28246
15624
13872
27570
13867
27633
18558
16620
22098
24386
22909
6743
15638
2343
7034
1694
3525
20935
8140
13388
21778
2589
20057
6973
23736
259
30300
23122
25184
28304
23653
7529
13765
10660
27041
8077
534
23489
24667
7529
18076
10013
14787
19459
17052
29429
4334
10151
22655
21027
16159
12064
11312
14323
3397
24367
198
28467
7876
565
6499
1929
31096
10291
8539
11530
20215
23284
24473
7687
27415
25225
14655
13098
27569
11766
18317
11714
9636
13355
1284
16476
23324
24886
21963
1427
10004
25526
28497
22825
16921
28307
25396
18262
1105
17132
20834
1631
18621
5713
1406
11883
5563
10547
901
9107
11983
8600
18353
26168
29602
32275
15773
15769
12363
13556
12971
28836
17102
21436
18339
269
14818
13012
9628
7326
20728
4478
31264
14542
28024
11787
32395
3220
334
11855
3764
23677
30373
27730
4815
19709
2290
31560
16530
12034
12085
30915
30615
31439
31612
32296
15618
27912
5032
18015
6755
31241
10099
23503
25566
2940
1970
25226
10633
15403
17112
21188
22549
1554
27324
14218
19633
5817
26524
17841
24619
15809
31841
24332
11608
10684
24612
21986
5815
26434
4338
1182
20305
22081
17356
3529
27363
2452
5618
22582
14655
17623
25442
7036
28912
3194
26267
4265
27933
31765
1446
6965
688
22267
28759
32309
12470
1810
29649
29137
12297
32226
10056
11512
9773
11243
22027
14163
32633
572
19137
6007
13431
12865
24562
12638
32397
8157
31178
26904
16348
14776
19738
23998
8808
11227
6048
20648
12921
8314
11656
3295
30786
784
50
25301
21697
31154
566
3156
9702
2204
3238
3253
30199
5137
10643
24914
14899
13410
26578
5694
25782
4172
7167
4915
19868
12678
12995
13515
14185
1947
30803
1523
29353
3318
31033
11677
25811
16955
24663
25782
30323
29662
30249
2136
11400
32238
9546
7232
28971
561
10298
20866
20338
17526
17502
25979
9876
8487
13896
27912
6222
21022
13113
24565
13957
30137
9188
30905
13356
3121
31861
15456
7528
24359
21970
16072
23282
1920
11297
30480
1214
1395
26250
14414
18394
7904
3134
8832
25496
30692
19128
8134
495
6570
12611
16846
28447
23428
17852
5007
29844
25146
22169
13114
23309
10658
11818
18541
22525
19568
2847
10922
27185
32336
587
19465
27060
27698
11687
15401
20208
30437
19610
22380
29973
31720
14711
30308
23487
8317
22600
12680
11219
21246
25290
3372
937
30324
13752
8624
20081
27750
844
5111
10959
28911
3844
29210
9417
32019
22178
18526
18147
9043
19574
612
18056
6783
1759
27808
20396
27340
2320
27148
13232
28967
2320
12830
32646
11464
22276
10999
15637
2825
18865
13277
25567
9593
21565
29675
15585
9772
10549
263
15802
18006
3797
29461
7952
6936
18563
14186
12848
9370
14748
14468
14836
21338
9587
11768
19178
30660
12439
10411
30386
20482
1877
12101
18088
10261
19838
32483
18884
16421
15211
17421
14782
27925
3133
24551
31605
10075
8553
3499
32401
31759
32629
31830
16487
5185
2044
12450
30238
18064
5368
17205
8720
26360
22849
20248
6259
18668
10832
9322
14137
10149
5961
4950
21812
26809
28985
25410
11390
27887
10395
19017
17432
25426
9250
30956
7377
21124
29874
3588
9578
19541
2735
1787
14839
32660
20603
60
12936
7206
20026
23016
17673
15700
15065
5323
15975
20073
7758
31630
22261
7549
26913
27694
9741
4236
9515
21933
30970
12491
9118
15879
4373
59
19525
25703
3375
19838
29197
21403
559
31210
20677
30917
1788
26076
6178
4692
14238
30542
10246
2867
29600
28332
25089
5696
23480
32228
13337
7680
21162
21949
16582
23697
1385
7529
18497
12256
15999
2141
14078
32284
2224
32352
32119
15978
25818
2530
5420
31194
5920
144
22248
22681
20295
6693
1605
3945
12384
27011
13938
16719
31656
27650
27700
10635
25260
8968
8491
8653
17585
27610
3159
22694
23378
2481
21467
19517
6763
5649
3072
23875
18230
19286
10108
3625
2740
23952
15605
17040
847
21904
17857
4865
6589
8771
14832
2270
7463
21567
11660
22168
27275
14236
21279
24611
9055
16389
1910
10151
14199
31502
19109
29305
17960
31944
19019
14921
6830
31380
24855
16029
18379
2100
12171
19070
9905
11048
12800
624
15650
14391
30699
20136
20182
12108
24670
13690
7709
2435
32722
14865
8133
11652
4899
4962
9790
32272
9180
20322
18428
14041
16821
13943
1309
2967
30042
813
28748
15704
20590
16939
24293
6679
16080
28261
25689
6801
32029
7571
7381
4692
22646
20705
2846
9753
7043
15848
3520
31827
19639
9181
12135
23560
8662
264
22157
11744
19637
15480
6229
4988
1346
6134
12983
2312
29891
32311
29150
17684
26211
342
1230
19103
24810
7553
1354
24949
3532
5106
14069
26812
4453
29216
16823
14281
14467
6455
27490
312
7973
22982
5270
27707
13442
30648
31970
22578
16461
10886
4651
32380
19768
28075
20306
26253
7351
13655
28177
24641
2054
23399
28710
30832
29293
22677
17332
7107
12483
7660
1766
23494
2609
8832
11989
2622
13880
31067
5548
7868
31733
954
13322
6770
22180
4986
2471
24134
17252
4557
31035
10021
7225
32305
7067
9370
9303
22947
20005
23967
10654
21007
95
22451
24417
16908
1243
13356
22123
22726
26974
14287
13892
32315
6720
28830
7088
18347
21782
28145
16505
4169
11919
16072
20590
2615
12188
10848
4012
23473
19924
22276
13852
7305
17174
21286
9277
18387
2160
13486
21796
30177
30783
17042
12737
29298
23448
23719
10595
806
26343
5559
13182
29237
27094
13267
7853
12641
13937
2794
20723
10537
903
26011
23878
2112
20051
28744
4686
10045
32603
23148
26218
21652
22169
8750
25844
7365
25305
15926
198
25299
2146
6591
28668
23800
23256
5869
29948
18839
20065
2913
14516
28786
1031
27404
6691
17437
13662
5440
5915
14259
870
30733
12869
7367
11442
32202
31333
7581
28362
30962
5855
10138
5839
562
32123
23034
1373
31935
13669
19649
10677
13549
19320
17396
14364
19710
23483
8968
8062
27703
21548
13467
599
25658
21693
6754
14036
16527
20637
31075
4661
29828
21688
13924
885
6967
6017
22179
16685
32241
13807
22727
3766
21685
16837
6679
23693
29977
1303
7146
18428
25429
7946
15710
15863
31130
24027
15693
17733
6565
31267
6269
13280
7315
5977
6167
21405
29943
11672
9307
14863
14122
16546
12177
22441
31714
2086
19779
548
20742
27966
18857
32288
11457
316
21861
19470
5846
20902
6513
15437
31795
15743
18261
3731
24776
12232
31133
8335
25497
25415
30858
28621
18706
4999
14088
29401
32667
16160
7136
3495
21101
24376
27439
9522
16036
14410
25623
5732
7829
10279
26292
5174
8033
5434
13905
12568
13515
25359
11228
6035
32582
4119
27800
13869
22610
24741
30994
25229
30985
15165
10326
14303
28405
6670
25442
13434
21285
13757
13531
23232
30592
19812
255
22854
32345
12251
31195
32310
4163
27190
9150
31217
9254
16270
32237
13560
3474
19973
9112
15628
17748
1284
30989
3476
8263
20679
14636
14144
26733
7964
30491
10988
3134
8551
26683
11207
22592
28650
2650
11444
28376
29251
31274
7408
29280
12598
3569
26613
5497
30125
2179
11423
1443
22781
30830
28558
25611
10859
6004
19659
16547
19951
15934
27822
19320
30776
16462
16383
12353
27631
17462
18267
20531
7232
27655
27097
19997
22679
25101
7918
8368
26023
7609
28558
7966
10161
29919
4756
15336
16899
19746
10340
25072
20415
428
22991
10198
6621
20770
24119
19841
28275
26582
11507
14332
32052
23103
24052
24452
23863
9127
32169
25567
8187
32036
22561
15087
5543
8393
32624
11654
9878
19741
4435
5756
26130
7372
23
6143
16992
1693
25270
15147
30206
6564
4164
11738
7720
18873
2697
4798
6816
24617
31728
6061
6831
25771
19616
17979
31591
4757
4840
17038
23340
11855
25312
27758
1651
20232
16717
5788
8648
28841
15814
18533
13590
25095
30741
15734
31779
25437
5344
6130
8282
2297
25993
30914
16333
13877
18258
29229
25978
17577
32197
2216
22221
11167
3155
13807
23143
15303
21307
8788
23582
17197
29613
2135
4677
11623
16175
30328
2093
29715
13889
25417
12779
29569
23100
18375
27996
30636
22144
13290
5223
5487
17614
4475
1154
9205
4339
2342
16248
27250
16295
15824
2409
22032
7348
21035
10258
19501
5211
27783
10062
27843
15347
11499
18141
22823
19923
18788
30053
21239
7282
17565
31926
18253
16589
29360
17234
6713
2057
16444
18221
18031
25690
28600
13745
9532
25891
16646
17669
29375
31327
14155
12943
25173
1855
28927
2744
22357
2068
17984
7663
5630
20336
8556
18160
173
7816
17902
26182
13651
7389
31064
14094
7975
29468
17075
24831
20632
3394
13330
27559
14726
18435
29294
30455
3505
3437
28589
23810
28530
9417
2820
8450
12969
14786
2943
20380
19446
24265
10462
13413
16428
3767
5795
2212
10242
29108
17769
32602
7180
26968
20087
21119
7402
10257
15765
13711
19392
22469
11551
20805
1766
5048
26711
11430
16096
14767
2047
10050
6032
22102
15656
26807
10666
12511
15941
26998
30825
14828
2691
30922
28544
25007
30557
25622
32084
6479
15466
9054
7528
910
29050
12040
26392
6314
13026
25316
29835
16768
24596
4715
13795
11767
10355
12868
1206
27292
23141
15117
3010
31114
10409
10583
22236
29325
23019
16114
7978
28295
5781
26988
10130
16914
18665
29140
15730
19302
17229
22979
12690
22398
8421
2462
23895
25206
5223
13333
2105
14136
6443
4847
16758
12887
14978
24842
520
11323
25929
13725
10965
20095
30654
9409
13095
22679
914
18736
7003
6070
30271
6988
30685
5614
7067
14691
10324
17562
11949
1329
3865
9721
27840
15014
23790
14875
24247
25578
17645
13057
19616
20127
11454
13312
3980
26214
11533
8294
13725
6308
30267
15712
11360
9606
27988
11035
25949
578
5442
31018
10477
12448
6208
23080
2892
12218
1425
15006
14319
27135
6001
16166
1816
17534
5452
28113
4519
13154
9774
1735
14131
30648
10107
20525
19033
27257
23520
22860
22356
30916
1673
30959
14542
13675
18068
2828
28406
9137
18118
12711
27859
8018
5501
7412
20440
1476
14566
7868
13752
1213
21360
3329
9340
12789
27777
14309
14546
20525
12647
30408
3752
25968
17041
4273
6137
1689
24831
1007
21991
31765
4087
28928
10251
9194
32506
11441
9737
13560
20470
15751
14183
18303
3517
18526
23967
18146
26294
12368
25714
12459
32722
28120
27776
17614
29634
24887
1046
2866
21096
9239
16967
21101
13451
7791
6206
3024
14286
25254
19666
10403
30435
5371
22107
23729
20988
25124
1732
27144
7042
18741
15842
23034
32010
15556
5636
18279
10373
24395
16076
7743
10678
24269
31293
29762
27626
13245
28692
24330
18403
18203
19292
27468
11797
17376
22077
6491
16661
6044
2069
749
29774
26206
14794
3618
758
30164
29790
20930
21312
21427
3523
3782
6611
15193
2033
25371
20860
32434
26167
6562
23327
30296
27854
15227
23028
15614
32436
18051
8175
14862
3511
11547
16000
16273
20688
812
3965
16208
13491
31848
19037
23352
15012
8146
31142
21763
14732
21632
25768
8469
13644
11167
16748
8356
16465
3001
17128
18204
7017
8499
22388
11970
2005
14362
11138
24727
32671
25375
17545
21375
18478
5087
18498
26274
4887
2152
17431
23315
8502
12793
2265
4272
7166
30986
28337
2633
6413
652
5465
32004
31747
23154
29835
28415
10901
10096
20666
10552
18141
19459
26625
170
25588
6321
27481
15033
26819
29586
6158
4304
5398
6415
1396
5961
23794
23018
31446
2957
3625
31359
25007
19836
29739
5961
10268
2063
28191
12967
10130
19771
11059
20448
25548
10521
304
16229
13832
28741
4433
87
14451
19844
12117
23369
1506
21161
16083
6727
8642
4281
31438
535
7250
31565
23433
28862
18192
6968
3740
17735
3440
21610
13640
29887
17876
17172
23816
28804
3769
29709
26216
16832
3118
31861
19994
32304
6539
13464
3143
31274
17247
6676
32291
23518
7594
7487
3524
29660
19021
24003
3124
32470
17342
6795
29125
13479
16384
22755
30884
18581
16339
1754
17841
16083
7720
7403
5006
15178
13271
733
5110
11674
25492
15336
31569
32347
8736
7705
27269
8616
20156
6392
11022
13022
28643
20327
29009
32161
10296
2253
6445
6176
30654
15732
4308
29338
7495
16944
26073
34
11311
22338
10378
23711
10825
7803
6527
5142
18970
15525
21875
28460
5445
10782
29523
26854
6983
30406
18581
12724
30820
1307
18379
25518
18657
163
11640
19485
23668
5003
28450
28221
15865
8077
8360
9025
25446
32279
17366
31640
6657
2985
13879
17775
721
638
12586
23671
13138
26736
4152
9960
20077
5142
20901
25542
10662
3375
1349
11875
21144
19523
7569
23333
2206
7559
22266
4489
32468
11010
10622
18280
31294
29166
30840
377
8262
10081
29884
32024
2412
20524
25827
10053
27705
4099
18404
1264
29812
29663
1509
28788
6809
15265
9040
20577
3975
26360
10792
11134
4217
2436
15774
15886
14135
10812
3039
29779
6798
12813
4657
28241
21245
11715
26430
28884
14257
26413
32687
26548
26548
6524
8445
23896
29537
17645
30340
2937
14875
26024
31962
26920
20542
4583
14174
23059
342
17242
25620
25348
17039
20427
8624
1962
10605
21758
15344
13724
15037
7131
4655
24731
9676
14030
19512
13335
16342
24431
20824
32245
21441
22366
13751
13968
6667
20593
4583
18942
27906
8210
30910
1684
3379
16866
32609
21676
2596
28067
2978
7077
9030
17492
23692
30764
13605
22685
315
10170
1762
5742
12786
19806
3043
19940
16231
29629
28105
25964
3169
28759
29346
30506
17797
3084
4960
23964
19309
5342
22155
29562
763
15608
17202
2785
32749
27376
39
24497
15793
24393
29548
2356
23162
21308
30184
12032
2195
29879
28510
1310
10740
25511
28320
21355
18963
5235
4608
3135
27132
15304
21512
13901
21156
10140
4203
11722
24954
10605
21818
210
832
30154
21595
27399
20761
7445
2360
13435
995
391
26292
30672
12742
28276
8547
5021
2573
13521
27130
19220
821
28915
11268
23010
12100
23961
9431
32599
10845
22573
26311
17607
22416
31303
7321
816
24566
27763
8507
27676
10238
22068
16306
6601
12034
3913
12115
27272
3358
30254
8246
11107
833
4070
27624
22018
20868
21752
15968
26064
18363
20408
19252
2137
17482
28615
25357
11510
5435
14045
32089
14253
28557
8902
2623
23379
28878
30891
8408
24307
24300
21907
23964
21108
6728
10281
1306
30325
30220
30656
16109
23420
27327
7316
31979
31824
22294
19795
25247
22435
17165
9692
16634
19700
22839
2886
31301
16564
2642
4388
25178
19368
3871
17415
28436
31118
15473
32069
19716
23299
23939
9209
11365
28324
2190
32587
23122
9588
8603
32242
31287
1662
32662
5879
29574
13755
26533
10171
26539
25141
21176
29499
17473
24429
12640
9875
17798
28154
8676
1729
32012
30580
19602
11180
12466
16784
23123
27749
9683
23692
14722
24748
11453
20686
9470
7094
101
20424
8574
1069
20057
27678
25893
28025
31477
7435
23895
22078
30170
4353
18122
28709
12956
5007
3040
21728
6587
2696
23860
3176
1493
20066
14450
18569
8473
25052
20845
31137
14079
19683
4459
8357
20022
7863
8387
612
7902
23370
11947
8208
14584
22505
27467
6394
28443
19229
26646
22941
22888
5076
21081
15326
1216
31676
15380
31890
8756
30960
26378
10817
19132
13014
17940
28969
11052
20039
10426
26758
11365
17649
17668
17681
27592
19450
5006
5319
6129
3558
12763
26603
1441
15291
16107
2894
4347
14691
26128
14286
7924
26961
3069
23325
21253
23400
21024
24004
19746
25368
25650
2663
1008
22730
17420
31306
3891
2686
1980
11028
30341
8114
15832
8659
22606
29830
27666
16193
31984
12319
23565
10566
10818
6729
10863
28093
19264
29792
19512
17019
16385
22896
32338
1677
27113
27035
21352
26818
18463
17595
21500
22378
14401
6217
25780
7516
12119
17534
26357
20542
32518
23735
18355
29696
31495
1822
28808
30634
4823
32647
20227
28504
13231
16792
26178
12162
1718
7725
7875
11649
24438
16378
18551
18767
28300
25459
792
25743
3236
17896
189
27341
12709
4085
22188
12038
27689
16153
20591
17003
27952
21157
31018
10338
31765
16344
20267
3022
26305
29000
21955
22928
16926
21891
31060
25678
3790
16631
31148
30066
5662
9999
20113
28534
4917
28319
15005
25952
31890
25986
77
19336
437
6018
27988
9633
4379
3191
12341
22007
31344
12723
11280
29174
257
29342
16060
16364
29296
17566
11543
16912
5547
10810
10650
29378
1566
29054
10545
5652
20264
12705
31305
17546
23500
19429
21034
4894
3754
29631
17543
31879
5677
568
22867
28603
20741
6291
13527
10163
22232
22064
1538
12398
31028
9648
12032
15672
20681
25946
23566
13356
10965
28349
31884
4856
27359
16791
21075
4320
13480
22006
2890
8710
29279
22941
6452
16360
2836
23721
15308
6954
23919
12661
28948
6806
21154
954
16362
19297
7580
27387
4316
9903
31359
31776
2365
20570
597
7777
7288
13039
26367
10085
18341
7418
11117
683
11098
17284
11285
26666
30660
19929
2973
26164
24310
20111
22491
17056
384
19907
31488
30504
2372
18598
19728
19728
26245
19001
22934
23561
25409
340
11669
28756
193
30701
16833
7210
21358
20375
21743
30812
20710
10057
19147
22583
17487
3681
25289
29866
23788
10472
23390
21163
2797
26904
21871
26838
7820
539
3082
18519
23893
30742
13396
19723
453
29030
6594
6370
22807
11562
19084
24200
29531
17153
26719
16196
6600
4117
29011
16416
32595
30040
5404
6730
24449
19213
27268
27322
32633
11659
6425
1301
17757
1853
19234
28113
23002
31726
31704
16283
2046
6467
30163
32757
20298
28809
5571
10020
23561
32177
9568
24393
23008
32665
25252
16078
21669
9614
1847
515
7028
13838
25643
2057
23040
4818
26089
5872
23592
15884
5227
11036
12235
17645
25516
21997
6364
13162
26717
28575
3001
30016
17626
8302
8632
18485
25180
1278
15363
9121
19056
29179
18599
14638
13480
6908
24039
29404
7312
8366
8150
4680
29667
18990
9253
21805
17663
28086
18489
17195
22935
19580
11648
2247
14760
26071
20486
948
5806
1444
27459
25681
30487
4584
8504
2162
13816
23479
6074
29539
11007
30548
13
1834
3753
24473
15540
25357
28340
26777
6536
2900
18136
17797
18952
15952
4530
9676
8688
6812
26113
11654
15373
31395
29716
19731
847
10594
30595
15359
21024
21616
28958
6953
7156
24379
15651
549
21793
31636
22964
31710
3314
11118
29063
13952
28150
4066
32480
27285
6302
10615
6844
15726
3079
28065
19535
8900
4373
21895
27825
415
23489
18953
29397
8311
22196
4354
15290
7321
19732
8138
8933
28877
26270
30464
32526
20278
10741
27526
22298
21113
31033
204
25417
18978
15580
14418
11953
9795
12465
31336
27883
18013
1862
31801
22540
12164
22388
18183
10966
28095
2100
17592
2864
9390
11956
30098
30932
4975
4779
13123
5192
4033
19689
9508
21007
15466
13362
18878
28192
32471
3148
14734
13207
30723
11095
1797
27819
1178
2397
24531
3808
2141
28202
21349
30589
2248
12638
25260
19521
23282
16576
15649
21586
26806
24789
20230
23926
20752
23474
1262
389
26569
4622
26751
24607
22615
8859
31351
8346
28671
7063
28141
20542
21308
27293
10458
28853
8804
32450
11735
19133
20873
20701
21288
22816
14237
17958
27386
24550
6362
8451
16617
969
12385
29726
4293
30185
32034
19387
23190
1985
22011
329
14301
15194
2340
27958
5661
9150
2762
27400
31386
10672
30458
25514
13153
2202
27329
20995
6536
6087
30866
30157
18615
13266
15335
10405
28648
23647
20523
2398
8042
23048
11992
29083
14380
155
14557
27037
24632
24962
28482
3673
8318
642
7950
7630
4051
27817
1129
7573
12089
10113
10494
20410
23393
29834
419
27082
30574
24295
3900
16941
13564
29528
1756
26550
7521
13416
17710
22393
16434
7912
4372
17629
11018
21147
29069
10226
3718
13107
6876
1540
13460
5500
14055
10352
11246
19672
3293
13750
19681
11499
19483
24784
31571
21399
32337
8898
18948
20267
25824
12915
25364
29911
17799
11963
22982
31588
27199
11965
18819
11809
22627
11383
26146
19489
788
32151
24934
26531
31964
20112
18888
22994
27793
21486
18039
7855
18813
9702
21662
11595
8891
31282
27109
8249
30180
12316
8250
16963
22764
25304
20177
21340
31558
30230
13417
6614
16975
20696
5842
5077
1257
14977
31660
23812
10854
3631
24177
7302
12457
14411
1974
3888
23943
12895
27053
501
8051
28967
9711
20641
24923
30954
8312
15563
21965
3082
17395
12548
32094
10203
23353
17493
27724
17329
9236
4585
4962
1597
32584
14598
4124
25881
25044
6466
18444
25249
27509
7923
21372
24069
18028
13287
31573
10652
13441
10325
20032
23419
27976
10260
4362
3143
12707
4107
3661
30791
14472
14313
2381
14013
22788
1046
22560
31607
5504
21481
26898
5793
27716
8219
14151
9949
4409
23931
29346
12694
29939
30692
24294
5520
15598
31084
11803
3012
4376
12767
23092
10860
25232
29292
16878
7770
4014
12701
3323
3725
2371
11149
7008
24070
23842
21077
1052
16344
18911
8903
26378
20863
16342
12639
5640
12146
29551
886
22873
14332
25761
2233
21320
28743
32693
18650
18190
16314
15181
6533
18166
30084
22436
28822
3519
19577
8983
9865
1858
24862
26597
15665
19541
19967
26419
32429
5614
25161
1363
2201
27532
9876
2885
6017
4306
9217
8574
9883
30325
8581
26601
14261
12889
19332
20268
22380
17143
31138
5932
12703
8706
1750
5843
18979
27210
28608
12561
11704
5344
11068
6944
12092
4475
28983
22541
1311
15898
25537
3444
23319
491
20068
5515
11285
3948
28596
29281
30839
4560
296
1640
11391
18852
28968
13874
19204
23730
871
22392
12391
23846
19315
4448
457
19439
13707
4607
7291
6760
4528
15645
6582
28472
21758
14393
14989
12919
1341
30669
20511
9490
692
12756
29713
1904
9277
22920
9532
4949
22943
2160
7330
19719
18455
30874
28327
28592
5432
29734
19582
30980
21494
24068
31201
6179
18429
14333
19205
961
29511
18936
16077
31620
8685
20086
2366
30893
26685
18528
8755
20987
18190
26114
11345
22220
27216
5463
18494
9606
13799
11655
10254
16693
5306
20910
30462
10870
15878
28895
26981
32659
25849
1897
2279
26607
1660
1368
4332
20133
18768
32319
28496
12396
9308
1589
15709
190
16197
24606
17654
27193
16704
24876
26132
28229
548
11685
28791
10231
20932
13030
17813
13877
18811
680
22231
4379
23560
29570
21508
20126
6044
10927
7677
6767
20018
29458
20908
25890
6175
1399
32567
3728
25834
9756
24953
3962
3677
15216
10674
26223
8668
16922
13181
19439
21494
16957
13571
29136
21050
10746
16239
20961
26444
12599
9122
20430
9528
10911
3879
12867
2565
26090
30057
14164
21134
1887
6435
18461
28557
30871
18969
4005
20729
22147
11014
30985
31634
177
5077
22742
7354
11722
25619
17846
4230
10592
22949
25679
3605
7910
16310
10856
28192
5632
2548
23885
16339
1022
12284
20341
8155
5794
23826
8547
1473
7210
18454
2506
31606
11402
18355
26868
29487
30714
30426
11108
12146
24240
32111
16315
29041
13807
20802
9176
24984
24128
832
19779
26210
3840
27883
28876
23920
31514
20999
28015
27356
13078
19094
24187
21195
26707
2311
6388
4417
30096
20651
6197
9274
20657
12392
7641
15350
18880
21937
2268
17812
15155
2997
10238
994
3949
15063
2920
10868
16263
31839
6546
12019
12111
5743
27492
17592
2705
29752
13212
13977
1942
28269
13679
4867
13035
30712
3699
24138
10339
749
22460
16188
23903
12732
25157
23036
24653
10410
4754
19726
12655
4994
8084
1198
6366
13191
14541
22630
7630
2478
22453
9951
787
28938
16475
25592
27877
15752
30031
19733
5088
13020
8896
14265
10574
26555
17634
11864
20649
26955
3474
20326
21084
13016
19773
8884
27594
19912
25342
22780
24721
11729
30726
10683
12560
7529
2625
17214
6695
20094
2615
256
16957
25448
4144
23603
14216
1052
27803
19101
9096
21410
6064
32677
22485
22985
17493
17326
6171
13593
6718
21923
17763
10505
23385
2771
20116
23666
30825
8448
2617
23620
22768
30386
23940
13944
23123
7633
21651
16709
19001
31859
4083
25239
24628
28659
11107
27581
31395
9795
474
23905
8919
8579
29387
10174
7284
6610
3239
15117
1050
12644
16548
31808
16709
11988
957
29171
20338
12732
249
15776
8836
5508
16625
13586
10853
30327
27276
12316
14832
3356
270
24202
21775
21443
17233
14936
10784
10846
4177
27170
15006
27794
29935
10204
30461
11790
18158
32707
20949
4380
28994
31635
3651
27509
21898
3579
19853
11610
26331
21070
8196
16096
25023
29819
7471
18316
17789
21823
18213
5151
29339
16025
15675
3763
4770
15487
479
32007
11553
28111
22468
31000
3572
24968
31296
22513
24774
21562
13554
29379
9685
25019
7847
1592
25589
32540
31614
7173
15320
20699
2635
12991
16524
12634
16698
6127
14661
31632
15797
10344
12381
28159
27527
27352
29593
14822
10049
14494
27054
4791
24540
26843
24836
20939
31649
12748
15289
597
1094
13399
7401
27029
24154
26083
31533
24398
4067
19565
15457
2681
23109
16600
16043
22075
11109
11141
29368
13077
10767
28452
27465
30811
24981
30154
1519
31207
20665
5187
4370
9742
24525
14249
4920
16339
537
4405
6020
2395
1661
13398
9085
29345
23384
23296
14866
8299
18856
17479
4058
24445
27506
24876
21664
22540
24932
17335
13854
5493
3001
1094
9
13871
19037
4388
32078
22526
2129
7261
32412
5226
5714
7121
10786
8560
6325
3976
30874
27255
3222
581
902
13702
10289
30814
2233
10419
6800
16586
18202
17375
28263
23676
6309
8864
5180
28655
28082
6783
22474
29443
3450
2404
17576
4871
16343
26702
15910
31511
17483
30279
20088
30376
14916
3992
28950
8801
24222
1337
23650
7981
17002
2187
3723
31630
24302
32585
8626
18228
10988
21436
11084
1230
5416
5423
10952
28192
2084
31907
19313
15957
23342
10692
32149
30359
21660
11291
10983
20702
8535
11396
2594
21765
26006
19171
21999
17443
19180
1043
27401
19992
12165
13343
4511
17766
23213
2229
30202
17731
23185
30679
5215
32236
28490
3796
7223
6971
10007
11639
3693
31100
4074
382
6936
7293
8743
22093
602
7396
18600
3300
31879
32709
10756
20495
28042
11380
5905
22748
26501
29848
17063
22354
16568
25217
9895
21344
16548
16828
14908
6676
10352
5604
23905
2830
6795
29626
7588
23091
9619
28792
14377
6566
30326
7011
31985
8180
30167
13728
30556
7822
21683
7240
32749
31869
19524
6335
6990
18769
5413
2881
19092
23642
22968
9149
12483
29723
10181
7399
12693
27132
9571
11657
28023
20031
3356
9241
16085
53
13644
24721
7319
5810
9930
8315
1516
11454
1738
20811
23366
26253
22530
23794
18598
17074
22284
9392
9497
2959
30220
7722
27522
32016
15250
18108
12443
29337
2242
24848
14903
12604
2738
12528
7114
8752
23315
10584
31786
4478
5140
16592
26775
17662
23427
24568
22778
32642
10549
7781
18794
17489
19625
16811
3316
28375
30184
12987
15772
29338
17839
23920
28063
22384
10448
11876
32251
17904
726
8968
15921
14374
27624
8180
14666
8843
1520
379
21528
10547
11516
6787
8382
13641
1764
5523
2931
32441
13869
27694
17538
24108
13357
26720
2965
31545
5744
25750
16436
10969
17243
15795
23433
4636
23055
11103
14182
24859
20880
29346
18057
14894
4903
9907
8734
6495
5124
27658
4229
20510
12840
29116
26966
26934
22658
5384
31394
2303
11864
25389
21372
7637
21993
28031
6072
29898
32337
9146
16627
1688
19628
10390
28884
4314
24702
21660
14480
20347
30547
23351
31156
27246
29602
17934
17439
27551
19191
14993
21837
20778
8017
15826
7388
4044
1993
27287
27208
6550
19573
19885
10234
15593
6540
23679
18305
28574
28107
14823
17183
23173
18455
15683
22663
14609
22627
28620
24805
24913
14292
29731
27167
2082
27683
3117
30042
5540
14916
12577
32449
7658
3141
29151
12929
20982
28280
2948
29464
31972
26580
28731
5328
24933
12697
12374
29318
2927
4659
31133
16304
27187
24417
8421
15263
18000
27542
27109
10753
26694
25248
326
13481
813
22919
23801
6803
14247
5560
30413
20514
17171
20322
5441
29869
12035
29473
5782
16698
5360
9946
29225
21641
18989
5606
25600
85
2074
18546
30371
31702
25754
2597
24365
8074
11975
9220
24482
3637
996
28051
9091
28455
12434
31037
19104
7613
12871
24566
5678
29226
27901
28703
27673
1911
26919
17322
9372
8905
11753
382
22030
8163
2952
19997
4863
1771
27168
12164
20099
12145
28821
26707
23246
5293
6091
3629
13825
16136
32282
24418
6468
26335
3836
7115
32277
13443
21257
25846
3551
16772
31782
27011
12239
16175
505
24526
10467
26197
25248
5071
580
5198
23458
3134
10709
14654
12069
2810
268
31639
18786
27819
19969
13535
23127
11174
17092
11188
14267
2578
3828
12045
6967
10057
12173
30402
4307
1153
28930
27983
10671
15532
22412
18133
18163
29597
25025
2401
4360
16491
22888
27249
28425
5914
9868
9652
4724
30072
22735
12562
27430
22342
23297
29164
6022
13720
1265
22437
9472
5503
32643
32609
13493
27108
12035
17676
22640
19639
6073
26015
15324
21322
28862
5790
28149
503
22798
14053
24253
8969
25309
31909
25904
1242
26927
17578
24953
25400
25507
26335
20326
13
11407
13331
23834
12095
27986
253
23042
22998
9446
25214
4618
15453
31925
32551
26896
25738
24494
6651
19096
12833
1943
14966
16834
24341
29861
5582
19834
21232
842
7544
17647
17782
5198
22254
24646
29829
31521
24752
14735
28992
9840
18568
23032
18541
14070
5907
10048
2586
30869
13437
17775
29831
29093
2700
16581
17984
31884
2016
5104
31626
8078
26745
24194
31488
5863
26489
24481
30078
17687
15915
2304
32062
32126
5189
15887
6209
23848
17770
4975
20977
9706
8179
8873
4100
20398
239
17951
11939
17419
29032
20803
10188
30745
10473
6406
18933
22659
6460
24724
16882
15325
26488
32318
31768
20280
30268
19639
8355
12532
25909
15492
12117
11734
10726
6574
32352
21594
9640
22970
8326
21067
23791
1498
30335
20624
13264
5477
28571
16713
21440
19589
15784
21531
7839
29488
22
1223
21237
30809
10841
30722
17787
21863
10639
6785
21469
17894
3427
13907
29886
10108
14385
29299
2300
5663
23147
28830
21046
6278
15675
32098
12940
28893
8297
1656
6566
26045
12160
19283
17144
5979
21036
31737
10564
13568
23527
14866
21344
9913
24276
12350
24121
32591
9707
13228
26648
19065
6743
9193
16676
2897
6172
31989
1321
32517
30205
20380
663
30671
17565
5123
4814
25639
2276
2690
18328
22071
30116
7857
4599
8079
26749
198
17954
21786
11774
26910
8394
20304
20748
14873
12705
31406
31112
29739
20253
3171
7724
12336
30585
28493
3510
5120
17150
32035
4937
30020
19328
22516
14864
7816
11563
30672
29732
27281
1152
16581
10416
10736
3482
13581
27987
1751
18614
6021
28357
23340
18418
4705
19646
11484
2645
13854
27923
17522
2064
25785
2594
4584
21507
32031
113
21436
30339
23268
8082
13383
25947
32311
586
20811
15632
28694
12786
25035
8042
14014
6428
28191
23343
28262
2426
20039
16690
23084
22780
25216
19084
336
23097
14869
29738
11424
13328
7288
29576
22579
23695
10385
10427
27994
15123
32342
29109
22740
13745
9884
17093
20801
11733
11564
10333
25049
12329
8474
5656
3422
23481
28498
9979
7503
17492
19316
13052
29023
21557
6882
24000
25382
28899
5655
681
4629
26453
5178
8720
11183
25434
13554
13263
1014
30264
23677
771
4644
28819
13820
30480
9628
5009
12305
28133
26400
23868
10156
2945
31300
29736
13602
8885
21283
30293
20352
6956
5200
12118
14878
30890
2320
31155
28791
26513
4038
20365
1079
29353
2222
20096
8598
17952
7374
13006
11749
9168
28970
3513
13414
27841
6712
15152
5473
25583
25491
23214
11124
3661
16371
20320
23339
21513
30045
2950
16593
18194
22935
11035
28805
13016
13023
8632
31888
22867
4316
32694
13813
326
12757
4755
23370
14789
18465
25750
10695
30453
13279
24502
1181
27667
1255
6073
9864
18103
22784
32665
4520
12122
27219
3627
12685
13078
25119
5634
25489
31406
17327
21650
22890
29390
905
31889
2559
18836
7913
16291
9339
25934
18285
6965
14752
14470
30482
27817
3935
5948
95
4276
21157
29042
28384
4613
7031
5870
19414
11048
30529
26683
6957
8105
28011
6385
9390
12412
12846
26422
23926
12188
31654
27781
1447
30451
11560
27566
20061
18042
19669
16414
7140
19873
30575
21089
14376
25585
18028
13797
2412
13552
23625
21505
8511
25413
2849
18485
14252
26396
18814
20916
26290
11212
26991
32287
14836
12471
17883
29076
26288
12658
23060
28647
16373
6439
30639
2863
15121
17719
3732
7045
6217
23331
15185
25608
974
13740
4020
2341
17132
11577
18840
15381
16771
16250
27647
16294
5051
23115
28257
10815
16372
19931
30276
2334
25852
10765
20237
18661
4229
2846
5142
1877
22998
6537
16640
12889
5312
16679
7243
6214
12500
25499
12323
19809
6355
2541
17789
2722
9830
22901
5475
27063
32271
20475
9356
8780
26464
2844
32048
11402
30059
7919
15130
27869
4985
16361
7679
19707
18943
17406
5646
26146
20429
16137
32456
8352
15241
15982
31762
27801
26972
26622
11657
30725
26859
27
11285
1528
1929
6940
1473
19238
19114
32243
11210
29606
28315
29196
1781
13814
15729
4217
9766
5952
21056
18509
15151
17627
7309
9285
23014
10005
14341
5038
11642
4400
27759
14978
6151
12970
27103
3285
28775
11714
5420
14703
21068
30519
30885
10171
13451
25427
11520
3296
14779
1064
20115
23597
28415
15642
21191
5818
27936
12189
20937
15948
4063
25920
6274
28538
14217
23275
5834
26382
18635
20836
32216
30382
24264
1816
8957
11452
25449
16153
31379
13178
500
14691
16176
11122
10209
99
6431
1301
2025
12218
23056
7586
21343
6206
8462
9033
7619
25921
31410
1169
7829
10007
20886
28407
17767
26322
17165
8407
21558
10064
11281
4752
29690
30584
637
15076
30588
31168
20093
29341
16488
1266
22594
15222
31395
16945
24058
28216
8670
27703
26111
5156
1388
5088
334
28561
15952
3564
4668
30678
19355
28160
27492
19562
18677
13039
23268
25418
29561
2104
30153
30363
28870
16592
14279
30097
3154
28449
19246
31887
24322
15954
3353
6288
5368
28873
8680
22981
17837
10222
11761
31103
4671
22834
1651
5968
32268
5201
28363
20845
13695
32467
13803
15447
14122
10457
18439
32187
4885
7958
2193
3734
13398
24092
2152
26780
26850
2777
27725
8923
7075
5217
6038
16796
29899
8942
28454
15754
21607
30756
18588
1558
23351
9370
22987
793
30141
13975
15467
22971
7572
17945
23053
30869
17667
540
21589
12050
8402
8984
15715
21531
17500
26316
13458
16371
17382
31034
15205
7519
20783
28403
22206
22027
1608
13460
20561
7721
21158
6033
11353
25435
15990
19505
10121
8915
30768
5338
20806
27320
24687
28303
5651
2764
2048
26295
20045
14413
21561
32288
9496
10521
15756
15683
27545
27157
23644
24010
11366
29902
14350
11599
4922
18529
3172
3431
31982
2457
30982
13535
17316
28248
20322
5701
6982
30776
29366
4010
4655
17009
32363
18343
2599
26366
9893
23454
15765
16123
1816
17218
9456
594
21533
3418
20599
2710
8709
22978
2594
15663
13997
13490
21464
24760
6482
14146
5602
24997
21671
4398
4512
18985
7973
24535
27770
29015
23971
30347
26394
9607
13350
31750
5336
22011
6394
313
10102
32706
7682
30026
8974
25053
25676
6875
3656
15521
28136
25231
29392
8284
16891
20170
16904
3899
5903
17593
29178
30315
30637
28307
26256
17023
5422
4894
31495
4882
15566
1652
16289
20909
8962
6151
16282
12267
30988
8675
25438
20698
204
7475
17145
8613
4825
24583
31951
9584
19152
26708
25741
14468
19948
22588
7775
3756
24535
1936
31332
28894
14784
20116
9311
32286
22446
28162
31663
29600
12308
14417
10113
16429
2469
24630
15172
26311
25449
4204
32605
29840
8977
12465
12828
3560
32136
31761
21743
22230
19914
19558
22998
15017
19961
16160
17687
22239
26286
5954
5939
3397
2189
173
4888
352
17436
6305
13464
1292
5077
24449
27418
14435
3193
30678
27792
24800
26536
22167
13481
15300
7343
18600
1095
20409
31649
29088
30003
438
32425
10191
30224
28962
17822
20864
17037
24380
28632
10107
11231
9658
18498
206
17775
176
30641
3021
18895
12212
12660
6232
19443
12864
3629
22364
2206
9048
2271
13212
27674
30828
21063
10162
8236
10111
28272
13648
13895
30857
20610
25036
16896
1562
26842
23516
30658
12609
22880
11934
9155
3244
17429
9691
3382
784
26604
18316
6595
15564
32731
1693
17716
2249
6193
4850
16753
19620
20010
27304
21166
16399
11713
4253
15331
30580
8645
3122
20348
476
10799
5711
30802
7696
19635
6056
20187
19197
29589
23615
3741
14173
11966
8234
32745
21652
2831
22935
10693
4312
29685
25613
24618
31893
21310
28917
624
24336
25387
24920
32262
32330
26310
27882
26982
7719
15477
14920
19272
31439
32464
19582
25110
16981
10160
27084
32673
20887
27016
24490
19730
14437
13049
18441
2851
18661
4256
13276
8847
13877
24883
24279
6342
1619
4044
20598
15590
23354
18564
3650
8423
22350
23364
17232
13077
8442
16600
266
3012
18840
30277
32049
17215
7057
8797
28963
25601
5061
14736
32346
19752
2605
5125
15414
6438
19902
10730
21244
23738
14225
27144
18462
21023
31042
24218
24509
17539
10902
5215
14188
20410
23136
30702
32311
18484
9893
7498
28132
24364
8190
9654
27000
22307
31806
14282
25853
23693
23637
15815
31363
22218
10612
24104
20581
17751
19826
25209
13517
32070
19055
108
4730
23275
30135
14634
8897
15321
23016
17127
210
21773
1112
12473
573
14696
16817
19626
30901
9315
3550
22540
16659
23806
15147
9740
17310
17657
5287
17546
18825
26695
32717
10024
19389
8384
24932
2209
7897
8726
18852
30301
8311
522
11162
14914
18866
4319
9166
5836
19173
5647
4642
2400
5300
17726
2813
1757
29265
32620
25513
26229
6392
13422
24058
28347
20668
30879
14129
14588
6790
8915
7711
24275
30555
1676
21646
9720
13533
7793
32732
7769
25365
15099
27881
26220
22383
2418
19252
2499
24838
1816
9024
11745
4642
13476
3133
332
17151
7665
25828
8419
12753
2552
5027
26482
25604
26364
4602
23428
11464
18180
18213
12152
31949
142
30203
2007
24395
18306
16918
31717
18502
21093
4148
1142
6160
24527
17885
19715
30735
12319
11334
6909
29888
18285
31350
16225
30972
3008
19111
18061
3707
4993
32495
23122
1942
14384
22815
2634
30289
16726
18924
28268
5272
15291
15180
22493
457
20696
23075
1033
31091
12943
8991
1523
26462
28442
14048
22985
31947
16706
14685
22204
11004
12497
16515
29455
9975
5961
5663
3693
23176
23766
20733
13951
26245
386
2385
6590
6741
18088
11351
7302
1203
3243
13111
17516
432
14567
16683
28114
27127
14312
27875
32697
18261
28634
14633
4566
12921
14145
193
14567
15864
9195
22931
27975
4756
17954
13068
16320
8381
9254
13249
20641
2904
2522
6741
15633
12224
189
9629
30371
28426
1052
18435
14635
7310
17798
10792
4815
13730
5505
16590
12897
18089
17531
31220
28652
8525
4099
17730
17292
18440
28729
31656
7811
13033
22915
27203
23178
20885
18050
1152
13157
28300
7749
387
32442
22445
19132
26826
5667
28669
4975
21005
10114
3748
4207
23657
24469
20280
18829
8382
8906
14142
21963
9046
18516
21742
3856
2247
2942
15159
11808
4634
10047
32515
25290
9260
20495
6588
15460
24149
32762
21775
30324
1096
18675
9200
32176
16186
8554
3294
16681
31303
24353
2408
9155
24081
21563
32496
8680
12202
17046
13487
32637
5812
6490
27385
4629
3782
12498
30658
31589
2066
30843
3170
26617
31557
19291
2197
9765
29871
24212
32454
10557
23204
32313
19853
19720
29474
3168
29302
28019
27827
30329
31236
9859
28309
5342
12533
20621
29721
10411
31432
3241
30537
27599
29053
30052
11981
26467
12956
18357
25360
1083
32120
6195
7838
2491
1717
26756
15825
32492
9480
12569
8620
8655
15166
13080
2567
26866
896
9882
23276
17216
8149
6423
20802
2589
5096
4126
27304
22963
3084
17482
1188
17286
5501
2161
30461
3919
11240
12574
11621
32263
16430
4162
1115
17218
7270
22822
27984
10430
18721
164
7689
4156
22513
28055
20292
18318
14124
3472
20126
25330
29421
8651
26548
4510
1884
22625
26761
8348
10287
1470
17704
8152
8561
4694
7818
23928
13698
28820
12473
11115
7264
12051
27702
9029
2084
31505
16024
23626
21200
10017
20087
18376
14663
2591
11912
10155
18333
19049
19465
21323
23185
26956
7264
16008
23128
8893
19967
30489
4765
30026
138
3105
19397
26192
18492
5123
2423
22125
135
17528
4700
31288
12794
20703
9507
19248
3944
724
32457
1267
20039
16643
5655
689
24150
30782
12396
4319
17539
6862
13244
1840
7435
10759
23001
16065
2275
32288
10481
14483
2647
16449
21848
2111
5361
19164
28808
22245
21660
25665
2407
4710
28681
1901
8648
7379
19026
12067
7475
4133
2013
22335
3305
27182
23172
10310
32035
13519
22770
321
10139
32364
25936
21452
12109
13981
26402
1642
18815
17190
23659
20763
30719
24874
1560
18481
14508
9883
13211
2399
20023
14325
29143
16147
1579
1580
8508
28165
8235
10466
14131
16656
14971
10462
11964
18242
26563
20154
27733
22575
21007
18907
6431
4746
3865
17319
14652
10486
2507
13041
379
28953
9472
952
12343
26866
31627
26386
28028
9837
24954
24419
30316
25909
2716
23762
6113
9930
31296
32254
15444
6355
8256
18668
4350
13749
18238
28741
1596
21348
14382
30910
12088
5242
14100
21207
17606
28550
15631
15560
20364
16550
5015
184
15718
6488
13571
25393
26121
17037
5710
21969
17126
9471
15898
16962
24145
3013
19701
364
15842
29988
23260
21224
19483
26025
19965
26808
1356
29044
3777
23350
27572
28631
15626
6475
1769
3360
19130
10465
29306
11954
8052
19355
16338
23899
10662
23491
12127
10721
199
30084
1268
16350
31965
16473
31596
6862
26435
27845
7057
4455
10409
14917
31292
11049
6236
6531
8637
29749
20680
16076
10876
17250
11579
14532
18145
9870
21739
24408
18034
26930
30523
12021
21563
26937
7482
25591
29811
11795
13420
27237
1372
30213
14030
30171
18283
11715
5140
21959
12457
1600
16437
23000
3929
7365
2857
23220
16347
26945
9713
15082
31184
26336
30937
29735
30847
10974
12026
1196
632
23966
6914
20735
5238
18934
22840
19937
13194
30413
21178
1665
10870
32489
1545
21231
13911
6914
14536
21203
26248
4635
30401
95
13250
1042
553
28546
4744
17013
6437
3423
1218
11159
13453
29693
28328
15331
9199
9792
13025
18801
10967
18456
23020
7639
845
9976
18624
25154
27040
9866
19119
4549
5474
26017
29328
26096
17332
12143
5917
29093
14020
3320
28314
24103
20115
2758
3512
32372
7932
1758
19896
11477
9970
6900
24019
9907
3337
30427
986
23212
1335
16191
20506
23782
17372
17558
18562
30115
8705
9812
20232
32278
22237
13918
18248
32630
27294
12482
16238
18512
18022
7077
8279
27681
1427
25469
10483
24868
27715
1920
14574
12393
10007
27227
11919
27687
14392
6952
23520
24659
13720
10906
22287
12657
15483
24699
10772
23979
15925
25945
9620
21536
2613
13436
23301
5758
14658
27163
532
6355
24069
16847
19779
21408
7880
22855
29143
15408
7293
2878
26353
5927
19202
30378
8187
22878
7843
1590
17989
2798
13025
3059
13808
24715
20081
17738
16908
32532
26760
23350
1021
7527
4950
12976
14883
30842
28624
8554
31162
19880
3763
23231
14334
20296
25286
10474
28307
18308
10335
18039
24357
23913
26152
27640
14924
12346
27427
26105
11698
15626
28140
18230
7543
17033
12607
2827
3284
5919
20921
15403
31231
9527
8419
29589
12623
478
12652
17348
23457
20876
30902
25638
19450
28481
10645
12496
20590
2516
11347
21104
2624
11144
22519
8835
4426
24545
20678
8136
26271
27574
12299
1780
31344
19334
22804
25511
18732
27664
8061
11679
21483
20765
8881
17964
30733
7841
685
27107
27166
14338
20999
27287
22525
27064
26927
17797
30270
20758
32502
27087
31948
30311
10828
17196
22227
19773
12622
23773
2525
3846
18816
12515
6203
9184
11606
30575
25254
3503
11002
2714
19750
2412
4169
12886
11059
23232
6174
27812
14106
30161
15572
1544
6307
31580
5126
5690
16113
15108
6041
13599
4521
12265
32765
31735
15703
11133
5039
9944
7949
8851
4099
27227
4941
20665
3872
20885
11304
9672
3916
14409
4776
12729
32618
13659
5996
698
29888
2440
13970
10625
28158
26197
4826
22497
18300
8517
11271
19867
17604
10063
21641
1910
21328
17551
10842
25746
27285
5180
5926
13817
11584
11482
7086
27767
12223
23729
27246
22700
2051
2685
5501
12639
2692
3687
21430
21525
22662
5940
8469
29666
9115
28605
15971
10880
19050
14495
21526
8094
12974
27187
15475
14970
1154
12993
14581
4530
10971
1264
5874
3416
15702
27265
1916
28484
14132
28477
11910
13742
8098
14380
11591
3068
1854
6920
11236
15832
32472
18929
9801
24710
27509
26466
87
9844
23450
5732
9541
4371
16839
23298
13888
29926
14401
24316
3157
985
12820
28352
4497
20947
15705
17045
13671
1934
15029
26650
81
14247
11810
24559
2746
2545
3314
17330
23324
12559
11537
2093
28518
24130
14730
12237
30112
10111
20556
342
30673
5061
11567
5846
32545
16813
1586
22744
29243
23619
32006
14809
13045
21012
18897
17920
16179
648
812
23305
22792
21874
10093
7299
31263
28902
19244
30779
5722
331
4352
20216
29112
18352
20106
5480
3452
25188
693
347
28812
960
315
5935
20247
2888
30572
11147
21882
13555
11819
11601
6757
21190
11577
19405
31801
17575
9142
19763
28085
8817
14820
10568
30162
19524
12335
15455
26347
21791
28522
9863
4385
31664
28252
11011
29694
9578
4219
9210
13145
4057
25079
24176
21369
11314
21754
29301
125
22831
25647
27548
25850
28441
16001
21935
21479
21030
24613
417
18870
32518
15578
5828
2244
17849
24431
17468
21747
9891
8838
9908
4757
1506
26265
13904
19597
10463
26938
20706
26032
12835
8607
13408
31090
3949
18013
32150
12222
3585
24692
32536
2085
2370
3980
1147
24635
26499
25470
21956
14654
22811
28438
3873
249
3511
30744
8407
25064
21493
26752
2940
24221
22318
25870
11366
15458
28562
11522
11875
288
14459
10021
29354
2176
24827
16392
1554
29775
27319
32144
30338
31783
19193
27570
7337
24652
8704
18044
11759
980
31899
1365
10923
29195
21494
11141
31894
21269
16307
504
22912
5077
3644
7742
15937
17678
14168
23255
5619
30152
23805
9390
24926
3318
20070
16867
29364
26197
16740
30157
4479
13975
13817
9792
6871
31425
14371
26123
29144
30418
29686
2245
21587
1957
20461
9162
26564
19480
386
8320
4740
26990
20476
17375
30016
28402
31113
20272
6314
7389
28300
7700
9070
4730
22328
26057
11368
10120
5982
31145
32020
29920
17539
14579
22598
20568
16950
2510
6427
16358
30881
1419
15919
10249
22877
14891
13584
14692
9867
9505
31219
25004
12320
19289
24486
17349
31616
4728
5062
31528
2383
16230
13106
11912
11651
15882
703
13749
11710
5716
8238
22208
6620
12929
16219
24160
4807
23194
18358
6036
29587
2366
26103
26250
4295
32162
26126
2752
504
11990
26969
19561
10653
1098
19738
6418
28446
30608
21800
21381
24366
867
28389
23278
9819
1001
8303
3388
6627
27701
30747
18634
17098
29968
4127
12607
7977
10489
31374
15283
3529
29034
10634
17939
6128
2397
10165
15814
3451
30991
13544
6544
10029
32516
6952
10935
9031
2635
20437
2405
4185
10755
13605
8270
14935
5662
4049
7058
28143
13669
1294
16101
1562
17596
13503
26349
30706
936
17385
14827
20675
2574
27495
19358
23140
11070
24287
14437
22984
2607
8180
31651
7120
17164
4541
1383
17507
19952
24694
21325
5057
32495
4470
4255
5652
18261
20321
448
29001
7218
18079
16075
17693
9750
9741
375
20859
7705
6130
2622
22277
31774
18228
24766
26097
23129
17612
29535
3862
12815
24951
23094
11078
21917
20398
16681
11487
19388
8665
15700
12189
28675
30912
4524
15026
31918
30274
9954
26905
24989
18505
14987
27687
3232
24573
2429
7267
1777
10552
31100
3223
3074
22074
1558
21287
32121
5023
29899
32162
22649
14478
5233
25239
4132
18226
3031
17834
29022
20846
31657
486
29651
5580
30611
11861
7227
26807
6825
28878
21469
15851
15111
29455
22865
26153
180
11788
11915
21807
25549
32646
10261
999
21983
15838
412
17119
6804
15916
7086
4345
5010
140
18114
19044
928
30392
16249
17354
3338
6364
16419
9675
28487
15525
19333
7339
18394
25243
5338
12359
23158
28082
10519
22606
9317
31003
15731
8365
16171
16480
18215
29259
22118
19888
16498
21495
13560
25208
16097
14239
11624
20019
16077
10178
24966
10114
18469
26919
11598
7039
20590
25808
14607
18254
32263
28202
30413
20470
12466
14726
3811
11375
29520
5836
32748
22013
15084
17518
30180
21180
5883
28316
7307
20091
14050
11959
28938
13773
26809
7943
22233
1886
30031
22192
29664
20356
32110
25058
6109
534
15456
2641
13061
9857
21425
997
8174
2584
1079
20914
17580
27820
30800
30506
20283
23389
875
18833
4381
11695
31434
30130
15939
22753
2950
3537
4913
3450
12755
13280
9822
21284
13701
13302
26841
5821
20435
8956
6706
24236
24155
21930
13208
6513
18279
17330
3647
14976
29551
11066
18693
6480
32735
2192
12628
18095
3865
13849
13130
19544
22974
18571
5399
2759
25898
31580
423
10572
829
16763
9858
19551
32609
20029
26864
1587
7368
10906
30304
13710
18934
10905
13322
18135
11648
22281
20948
2929
28691
8050
1138
6983
26551
26699
10962
29864
2133
18797
25271
20054
15735
4296
20644
20441
4432
23893
7931
9241
17660
26187
30822
6700
15881
17046
374
18541
27957
17541
5514
26062
4729
15811
19187
19823
583
16264
597
24687
20497
11024
1360
14850
522
9805
30816
27075
12848
18649
9218
10316
16522
5422
22809
14852
31406
4633
29839
29753
23687
6252
17983
6255
20053
10484
24339
31223
1013
24234
2665
8643
24931
20781
30396
25720
2173
31600
20864
7877
29706
31408
23117
3060
17402
14762
12608
27326
7919
23562
25759
25700
19709
32294
443
27131
28590
7404
11547
31751
31562
14873
1494
4172
21845
4269
22593
2529
15448
28059
25546
30598
23781
196
14372
3127
14293
14886
28069
1538
15828
1873
15596
30485
17440
1307
14790
9499
13965
31125
13651
29385
10957
10814
2916
1971
14574
25206
24360
10853
15652
15925
2824
175
26313
3324
18383
10816
14498
24844
20238
26998
24164
7895
31935
20085
31606
8372
13352
6263
22265
17110
3074
16739
2310
27519
1499
26528
3382
25457
21689
2603
24168
4774
30464
19175
32702
30016
10133
11061
5865
23747
27204
30405
31655
20866
14175
20652
24713
10327
2728
5814
30970
8343
22897
3837
16509
7749
13314
5050
18230
21638
5691
12636
10156
29781
11131
27351
2509
13176
2496
6207
22323
16307
10255
5013
1189
29243
5142
10209
5345
22381
11024
30336
14488
24256
23017
18112
12219
18169
10402
29610
20469
6814
5368
27679
21625
20652
64
31015
23293
25996
13462
16005
12806
68
17718
10639
23655
30699
20010
16956
28164
19807
22310
4735
9692
27962
23984
6099
26951
19969
19075
29463
1147
16031
22070
19101
21589
30994
8473
4734
15703
19813
608
12080
5101
30942
21123
9818
23028
32120
13540
20966
30076
3475
9395
18776
17613
24555
18702
30047
13225
32711
21613
426
13777
28019
29502
8445
19147
8943
3532
22404
28385
20713
24933
16231
7533
26601
13500
31646
18516
16844
11148
19719
26833
32627
32126
32182
3444
28348
5197
5772
2410
3249
21800
4875
10494
30720
6488
1896
3936
26540
6690
27874
8613
31233
21487
2131
8976
28621
9386
7941
26256
10189
10602
28102
14729
28262
8017
5695
27607
30101
19380
30337
6417
2345
12155
7905
5898
21296
2507
23046
11678
17583
28131
31552
31659
30358
28740
26395
11613
5874
12053
2613
26543
13925
14789
12876
3374
2515
7154
32155
16384
29791
3978
21607
17702
28054
6704
8405
11518
6121
6625
14590
25868
7009
1239
12101
5881
6286
24749
31977
30940
18369
13509
15062
29369
6267
31719
23745
15687
25892
22826
8819
24055
3840
5144
13157
9265
5728
8205
6286
3041
789
13024
2169
10546
12586
11973
14746
409
21971
25458
12002
30230
20640
27265
12945
8887
7414
8982
29516
22365
30656
4289
30575
3522
3426
8614
23204
187
17390
8155
2485
18619
30107
21009
28830
8601
12147
3959
20199
15763
18507
19163
9776
18834
25592
22802
30478
1712
14016
30363
16405
7415
7439
20607
29494
2923
23403
5243
21836
22859
6826
19553
31729
27797
29795
2236
23958
10696
9122
7859
10195
16621
11744
32048
20475
19416
6194
23873
4596
8620
31936
20926
20805
925
5241
31276
4209
1786
2309
23777
29316
24682
8955
11369
31467
29814
10325
31785
32648
20807
32545
10306
262
30129
26745
29880
23914
2417
26548
10196
4331
27315
10718
9158
30980
13528
358
17295
19911
9333
18967
32542
17780
31903
18761
6841
5706
20838
24153
26015
19101
23455
5974
19436
6953
14823
32253
16316
17318
17124
12520
15763
1437
19662
7426
28669
19833
3630
27454
13937
11745
31718
30345
4987
9541
18546
24061
17947
25015
26733
1879
4712
30461
16471
9643
32120
15076
24469
6230
132
15319
27833
13877
30536
1455
9988
22804
19881
10445
8489
15721
12442
14182
6484
2627
17984
11551
4715
5501
12628
29914
4756
14391
25546
207
10999
18310
1200
10462
11461
1387
27992
17187
12153
7682
441
10956
19550
1276
26643
10535
13137
18255
25554
29951
31944
9516
22453
15401
23827
2098
13103
27482
7394
10721
20238
10300
31496
32337
32090
12736
23422
14116
20608
6837
26539
29369
23983
4762
994
27554
32387
12464
15917
15449
21985
30036
6729
2862
7202
30092
24305
12932
30323
25824
18528
14653
23931
29035
17425
12147
22335
9777
6601
17257
2115
18355
9687
8897
24562
24257
2202
31727
25664
26000
28485
13293
24718
19212
23007
9264
31694
16495
654
29916
31207
1299
18964
26420
11355
9348
19866
9300
22055
23258
2477
25634
1771
4934
11910
130
12618
13546
2446
18633
148
12782
10273
10613
12706
3280
6034
31771
29442
18427
26224
5024
4181
29596
19208
22700
27892
19889
4907
2652
4570
10338
16690
30519
21182
2709
31294
16996
20095
16061
10693
2330
20165
17394
32330
31831
19174
21831
9067
17109
4614
31576
23841
14138
24707
23586
26692
22158
25744
15640
17485
29427
30239
27507
19040
32400
1541
32457
13706
719
2136
10721
71
6088
24092
3526
15175
28669
543
17178
16753
19527
32034
3501
27945
27664
25913
28238
13006
19907
27765
1761
17543
21377
17087
1202
9024
8214
20231
1289
16623
16427
927
10239
6172
29628
20961
17807
23712
11213
280
30960
10669
4185
27806
30242
20750
8844
27969
24008
12208
20274
29163
821
11106
1390
2947
22729
15833
9647
28686
30334
12535
23776
14618
28350
28749
16351
24924
25976
5086
15153
17816
7538
2085
10996
11457
28641
30554
12052
7010
25143
22514
4034
30268
20028
17509
17954
14384
20576
51
32068
16224
28751
20009
8022
30098
14279
31712
17176
22485
11174
18056
3472
8550
23368
31971
23550
7636
31247
660
18962
26211
14147
6298
26717
3758
18461
3864
14086
1169
22558
17495
14526
10054
21413
5389
12789
22990
16577
8672
26702
5267
6724
3622
30289
14923
24857
7151
1889
13343
22487
18757
4077
6413
7317
21170
21994
25739
5377
16131
23936
109
24748
22604
3587
9736
17832
13868
8998
23192
19285
15698
15979
2783
30584
14400
11486
2575
24973
27983
13571
30698
4191
22004
269
21032
21973
23361
31056
13593
7439
15279
8953
3979
24241
32282
22269
19950
12159
5645
25935
16566
7467
7488
30806
16897
19818
18015
19614
24186
4941
27917
4302
1405
28367
26409
474
1148
10923
31568
6009
20897
3184
8355
21722
27060
19158
27594
4498
17728
15955
19769
20186
10481
32746
1201
27895
21825
27204
28170
21753
22867
12545
2865
27304
3359
592
28525
23228
30416
26301
28646
6476
8042
21323
15719
9353
6832
8643
19299
24492
17989
25419
10294
6701
1041
16698
10926
5942
29670
24619
6346
10583
28772
31057
11201
13947
21274
7690
5446
14363
17389
22966
27147
2993
6078
9673
5508
10096
583
25631
15085
1842
8006
21392
10126
26034
5854
12997
14910
5627
24890
1353
25638
4384
28019
12003
9927
3118
12212
22820
13119
10847
23196
22332
3783
8080
18403
31762
24705
22261
21569
5779
19569
29196
12939
2121
32712
13263
31264
10800
21097
11310
29827
29638
8614
14268
28233
6242
18506
10153
3894
3782
22493
9712
32163
14071
30499
10705
20770
4685
2534
4226
6245
16838
1525
11810
30300
16031
6509
27374
6814
294
1591
16567
6410
2506
22226
11412
25774
116
20563
26836
29160
24090
17834
822
17354
21649
12326
9053
26819
26786
12604
5502
10876
29281
24964
27996
29953
30650
4356
21878
14625
5453
23729
24190
19991
27004
15667
25358
5738
13761
29417
21399
27665
10821
29485
32410
6107
4015
15065
10522
22542
17210
10761
2897
14926
14603
19747
1442
19649
30913
14101
8655
27249
18509
20702
13420
9970
30980
16976
12947
7492
2802
22548
4058
9722
6770
2798
14466
14492
19452
3138
31729
31819
10813
31704
31586
19363
10861
10972
28892
12262
19165
4137
25184
5974
32719
20935
5479
19170
25227
1969
22156
26373
22191
7132
27013
23532
6599
27510
13655
14551
28957
3435
202
18113
27091
25134
21275
13891
24366
20662
19698
25782
15157
21703
3475
31896
9595
17010
30808
30000
5177
25311
28255
13685
29599
20042
20608
24109
22380
10060
23938
32594
27325
7004
16526
15545
4642
19605
25571
9718
29687
2234
23500
17786
23282
29047
32207
11006
9976
31209
30760
29989
16437
23905
32118
7772
16491
29541
22707
4357
18058
1272
32105
18134
10370
1820
26659
30587
30549
24212
25378
6787
2416
4334
850
16505
32571
1729
29053
1873
30191
17204
21437
11783
23720
13503
27447
2946
8123
822
14854
27838
7753
32515
17782
7722
7700
5554
18547
9295
12690
28596
27201
26547
17472
7004
19821
22525
16697
26926
2819
19033
2055
23897
28161
5918
9145
23170
780
15023
30773
27075
20578
32159
22992
17396
18960
26648
17180
41
22117
1149
7425
2939
30374
13646
19728
19980
26627
8780
32275
8517
20682
222
22249
31586
19931
15284
5009
29745
29788
15786
13444
1814
7085
25583
14408
13907
926
23398
4930
29574
10976
27980
22988
29043
27066
32540
20615
17156
9469
18863
22258
27534
11578
2984
24636
17494
7730
15119
28247
23380
21134
31292
17230
12087
16337
21495
15576
27817
20106
733
3629
4307
718
18438
19480
5412
2277
5348
32590
2126
31300
3182
12542
14482
28347
8062
9641
21310
11760
18552
14900
7540
5388
10797
5948
10796
1204
5631
11945
12668
27451
15685
14214
27928
16150
4593
7184
7701
32144
6768
3596
8178
447
15569
13662
11480
18358
17706
11480
14113
28668
11063
16720
31768
5949
23365
9973
13311
22080
1614
6371
855
32281
15718
5876
4443
25760
23637
13785
26574
21793
1926
13674
32758
31061
16672
20795
8425
20113
22898
32624
29447
31550
16020
4562
27848
6281
28491
27938
31928
17499
5422
19117
5311
3980
2567
14368
31398
7252
19580
18846
471
258
10223
12816
4708
17136
5026
13756
8523
32182
3359
11034
32249
2718
29143
32226
6412
15448
7177
26730
10333
751
18149
22319
19518
3068
32242
10929
6656
13082
7085
19333
12217
22169
7027
17573
13635
25719
17056
22538
28296
13195
25849
16765
17149
32004
18503
7082
24173
2578
27461
7030
20216
27107
13244
5522
17499
17361
18413
592
21618
6618
5935
29622
26875
3920
21977
12754
15004
2001
28770
29004
32040
12922
14791
22594
8478
21848
22829
17743
20082
27935
15048
3309
31888
29983
2043
8446
19359
27507
27329
22181
770
25980
8267
15962
22821
18574
7915
16958
26742
31464
21296
32427
30129
8426
14419
2320
27489
14978
20433
6396
11940
13544
15450
18296
12590
17547
1002
22682
25744
6987
15670
17239
29370
20200
11337
27545
24511
954
4719
17041
30937
12195
13650
16719
13485
2371
24931
29072
26832
30570
27515
30935
30857
5331
30146
22975
24793
7183
31697
24463
17848
20415
27155
26639
25762
13062
17521
32666
4178
9790
8238
885
6606
15338
29967
15967
19107
23020
2496
13161
21618
31481
32627
2824
22955
9289
16586
22121
29593
25491
22519
7428
22943
26936
28706
26740
3521
4799
1546
17030
12901
31105
3056
22928
27995
22949
1201
16132
31772
25935
23090
29764
23887
22549
29440
14776
13202
24243
19256
21535
17782
9983
5285
15394
16075
11295
8745
27695
5919
4857
8798
16516
16769
10987
28028
7562
2443
26300
27262
20581
16799
25043
20352
24009
9840
17831
16748
13071
7108
9079
5845
28040
9849
5691
16931
11281
18374
16602
9969
7911
7620
31901
24243
18877
27949
19428
12444
11276
30819
25880
16575
17323
18356
27104
14964
7583
18140
7832
31229
26932
23499
13823
31081
16717
23209
1327
1209
8184
31512
13267
31042
12357
12985
15508
5202
29273
6385
20948
5398
26046
14317
31391
13755
11773
28387
31710
16340
25967
18843
25038
16380
4688
28975
15793
7356
29205
6671
27588
5295
3839
4935
30064
26595
21489
23301
25540
12419
4735
23637
5667
11955
12103
14896
28986
3004
26756
19381
31285
22633
27360
11702
12851
19121
10378
3446
17911
32405
9865
4273
26080
15948
13392
32477
23067
5534
16786
4016
10007
13454
18007
738
22073
25915
29008
25908
14034
6408
4199
9905
11086
20731
26523
26164
22190
25955
27147
5674
15928
28862
2384
24217
13164
25049
3856
24674
6715
31033
13520
15811
24436
13754
28170
3103
13183
29814
6272
4866
23885
18408
1743
31840
14735
19026
6471
23069
14886
28507
22778
9426
31195
6397
18707
6095
14417
29598
25194
3676
21047
23933
27989
17989
2498
23888
11712
11157
13147
27692
5504
4513
6805
5796
28900
32072
13153
14645
16781
25722
27525
23522
15232
1783
12362
28955
6266
17497
31861
31715
13700
4949
633
24882
11974
32318
18155
26776
28064
18634
16182
12324
23799
8985
18576
6020
14285
3571
2861
26221
9749
21586
7602
12862
7109
15904
31980
18144
11820
24641
11202
5872
21382
11732
3944
30496
16590
11958
23510
10458
22995
32584
9337
30759
26510
32115
25896
28880
2227
18153
5977
28355
4230
27821
10133
3511
18416
32725
24361
15379
17618
23439
5663
29964
19353
20578
16748
26126
28435
5302
12651
862
25217
7831
5258
20477
12781
19126
4676
23759
21693
29872
4687
17148
20105
25747
1046
7575
21034
13727
14953
18046
6931
6729
12147
23169
28901
8582
17645
18630
2365
24901
21650
29035
15312
10813
9427
5998
15547
10474
5579
10698
20756
6098
6773
10211
12741
26381
21021
9508
4250
32004
22036
12263
29592
29817
4008
8085
23185
31688
10835
3598
25333
14700
30259
75
24043
22980
20154
578
3232
10775
22951
14857
30431
25815
12853
13887
4067
4898
21650
31656
7529
10126
23954
5655
5385
13862
29349
12433
25541
28080
26119
30895
21475
13874
27446
20804
1272
6324
28585
6208
10822
21574
27583
980
839
17477
16374
23255
17034
31707
29277
3177
22206
15045
24652
27350
18957
8025
14418
3517
11179
14791
20591
8049
14254
25759
11395
6559
12576
1683
18695
13617
8786
8575
32251
4467
30580
21158
3615
22132
10083
10302
13926
22192
24258
28720
20904
29675
24908
25625
25751
19296
5480
22164
9716
27931
28158
17851
22275
8868
9866
30443
60
2269
1391
32712
26179
301
6285
24705
19226
15838
8213
4950
20374
28100
7068
13655
2319
19232
11631
11374
8028
4547
18471
28319
1790
8311
23165
20111
11164
18842
27999
28995
7856
5900
26691
20779
7807
1356
28603
29279
2382
31197
4681
11304
4307
30959
14197
11202
16874
24123
1310
5216
13449
7471
12046
24689
30710
19531
25809
26658
3895
32715
20934
12580
4555
14214
25462
27567
17559
25622
18981
16583
16163
18233
26535
21950
28934
13175
8309
10490
7071
28421
17152
11256
5126
15850
31045
16017
24898
22368
30882
28540
2749
19069
25576
9749
10997
5650
5041
6492
6771
30676
14580
14401
18177
14009
3542
26399
2840
27813
2243
13958
6552
4934
17854
30525
20923
22588
6645
20359
3916
31870
1433
13734
19220
17145
30700
29598
8086
12922
6556
6203
1532
11981
4431
31061
24400
11559
30335
11091
7663
1985
26248
4590
9019
13510
28671
28216
9617
25711
18502
3548
12923
19052
32605
32679
8486
5767
9723
28999
2326
24708
6622
6739
4376
2891
27743
22668
10872
25417
5961
24931
3189
31763
29675
11451
1010
4428
10348
31983
27502
28362
32607
10263
24374
9204
23959
1671
473
1646
19005
10905
25821
18425
15647
17837
27056
9108
10059
24173
12001
26087
27101
15446
23952
21730
12053
11380
27428
15010
22957
876
9020
6036
32361
192
3559
16348
7151
30543
1559
26616
1241
24347
5203
25760
12297
13391
25005
8689
25404
18305
22260
5579
27618
25396
15402
12664
23086
27297
27704
5774
29289
21943
28897
4886
18571
11872
6901
10477
14860
29446
27335
9323
14840
598
23776
1603
9026
29763
28405
17578
1370
1102
28951
10172
7937
28933
30506
17691
31581
29898
32408
24281
25928
15318
7239
10648
9454
31614
18120
15855
15255
3764
4305
14608
4545
15312
26605
20648
19314
1937
11122
24071
14028
14686
12211
9345
2274
29906
376
22292
23754
3192
32171
8523
10484
29139
4436
14177
7865
26274
13768
12714
10295
21345
32028
14127
30813
26387
17120
15256
24898
25663
21770
21584
25787
16185
10545
26851
13100
29090
29180
17067
3230
10034
10457
16299
14354
10165
24562
11451
1301
8788
28765
2790
2965
15894
22674
17424
7667
5031
24355
4827
8537
29783
19879
8652
16462
8805
22519
9642
11144
24190
926
30503
23809
28289
9098
28611
4429
389
15368
3564
27434
5405
25327
9322
30041
16347
28698
6394
30380
1298
4636
30265
19553
5600
6960
21700
16046
9068
6767
24478
925
9837
5446
30674
25626
16364
29990
15193
14154
5962
32125
29501
10271
22916
24038
11519
31018
15798
13468
823
15024
13022
5429
22906
9983
6883
26509
3968
6402
14038
13056
28550
20756
10359
10716
23538
31762
11515
2325
54
12468
29964
8251
2294
22301
15890
5546
10093
11952
4273
15105
25613
26150
18578
1493
1125
31197
18791
166
2120
19571
1321
18449
556
11668
14244
26696
20176
17168
31542
11968
28706
2097
6868
17449
3935
22347
17741
8867
27260
12692
1491
15407
12485
14646
9655
25955
4804
4515
23412
22627
2404
6697
27375
25612
6230
14022
6909
7026
4020
6973
9254
6541
4324
19561
31913
11567
23232
19410
9663
313
8435
8574
24100
5391
29350
14346
24020
6473
29789
16121
32530
1196
28955
1867
30895
30040
1741
3665
3465
12866
29157
10945
21842
24805
15430
4102
659
17205
21344
7129
18928
4565
18844
8725
20141
18057
18170
10951
14449
27374
27896
22149
22090
16233
12727
23810
29426
20061
30297
23007
15953
16289
23725
23491
28738
49
8206
27053
2202
4643
30088
29321
20583
6365
14141
23298
117
30086
24327
7576
12567
1978
5215
12530
30499
26242
20862
10357
21055
9603
25537
17173
20571
31349
19282
23659
2687
22231
15877
29704
24263
18913
20864
16138
2988
16059
4255
30701
4228
27372
23
24739
30540
277
22105
10982
27558
31711
27321
15053
17182
5426
8143
30621
23217
15784
19741
7906
28048
10305
27635
19903
18721
15960
2960
13443
583
4053
20618
10364
4067
5029
880
2064
28315
19559
29357
9481
12762
9576
11183
10545
9751
7122
20297
10527
26715
2080
1366
22864
5885
7125
21408
6522
32688
26478
23552
18972
28353
31893
17862
8282
921
151
22106
27656
11913
17176
32036
1029
15303
11526
22186
19658
4019
7115
27384
3394
30815
31943
11077
1501
14415
15613
29395
32224
11901
24844
3863
15103
16288
22882
4890
5933
25774
26284
31263
10419
672
8848
23942
12415
28533
159
16880
17087
18553
23429
16292
23983
32199
25219
2610
25263
14093
31520
6998
9625
30095
27419
1310
1617
5999
24227
12111
18590
8235
7882
1030
7736
27239
3128
20379
5922
9965
12828
22474
27705
19698
1385
28181
22542
24475
9278
356
29169
11455
10661
29423
16206
26863
27009
12893
28477
19635
10434
25901
29780
5911
9691
7510
28863
6502
1398
25386
10387
12342
30566
5760
28256
19876
10205
27410
15878
30945
20703
1060
31177
26350
32758
29543
32167
4259
25640
7964
31976
27126
14374
21372
24056
7802
7366
856
2162
30502
30643
31741
22909
19800
10851
4186
12891
12057
13642
32613
21823
6307
6990
6586
1119
26401
6522
27269
5963
26805
1782
26531
31357
11711
28983
27908
19761
32605
18547
1876
4471
7982
12376
20954
8838
13404
18685
27552
25939
2521
1049
18388
26466
488
23155
23918
24540
25312
30105
31251
18147
24876
8661
15417
30498
2711
7261
30861
3496
30407
4554
3729
31734
24838
24779
28810
86
3913
29979
25241
30831
10858
20144
13608
16919
27577
2358
32391
7784
17331
30651
6103
19222
24081
10412
24872
17919
9989
26112
4318
28420
13760
1459
4697
31768
16439
7798
14293
29590
31783
29861
17294
8408
4438
13177
3112
14085
285
18047
16463
5674
10019
26440
3483
26253
14187
13154
11958
32318
23953
24200
9408
17646
24912
21782
8178
2564
29768
25280
23426
238
3326
12674
28871
22453
29477
13530
26014
7125
24860
21814
31244
24907
24247
28584
31013
24559
14658
32225
4396
31492
15555
31325
30459
26382
4736
21723
22693
25059
26817
2832
25435
12549
18391
14748
24716
23087
14429
14653
11856
18990
7870
7235
5895
24050
28664
8260
19517
485
9119
26640
2258
23420
1828
4583
7767
12555
22103
32234
29114
989
15659
22736
11046
4228
9913
16090
7461
10606
32136
2825
9992
8121
16652
9870
5768
11848
5228
27778
19629
6935
10889
30167
10735
715
13115
24975
1436
654
11741
27947
13433
13337
17677
29031
25260
12306
6061
5924
17625
2713
4909
22694
25740
32286
17165
8959
3031
14453
14749
11211
5180
32300
30216
20254
7372
6172
27536
2491
27537
16190
3611
25479
32298
31424
2031
24125
3509
9304
31930
15458
2546
1753
32213
13436
20388
19204
5065
25727
7739
9888
275
6536
4273
461
8740
16333
7602
1685
3756
3796
25343
20164
24600
17892
16404
9209
16729
3258
1033
1534
11240
19580
12982
27477
30215
5363
9498
28691
5705
25076
2302
26354
16468
21791
981
161
16102
14285
31975
32094
12054
22851
21166
7367
221
7468
32640
16365
24788
20038
29039
29099
28479
2395
6510
18742
26699
21619
30133
23284
8596
13896
7014
11154
234
25082
880
22865
20565
19204
7859
28576
4950
13679
30054
6384
16752
5701
21942
8900
2535
22601
21936
2055
1224
22757
11361
30115
29993
12644
9788
32079
178
8289
14524
27304
93
10111
31050
28292
20089
12635
31584
5251
13813
21439
23023
14055
26331
537
28670
25765
5147
17451
1172
28091
7818
17667
28121
2501
28970
20014
28536
19659
29356
809
22599
24158
12339
28952
9002
9955
9563
18106
7989
26414
17786
18589
25360
28243
10790
21902
4000
25016
2807
3924
9699
19311
25229
31646
29724
25283
25813
12601
24113
17169
10889
25990
1361
1242
13814
28204
4825
27925
13570
2826
10873
9930
9325
3184
18323
15068
14423
10638
2531
14887
11779
6956
13669
19914
27354
20124
26995
8646
3251
17645
21294
24009
20305
29282
24352
8260
27437
12834
11808
12227
20854
8753
20853
22142
26967
31647
4670
7211
12920
15104
18449
21015
28871
11548
738
9589
17784
13287
3110
11254
22858
22451
825
7834
31757
30884
6397
14021
23905
13412
11973
24981
17088
21529
23665
15731
24255
22164
8666
5608
11664
27339
18288
20914
31436
28298
12833
1816
29807
17765
11901
10874
28453
7153
30488
2860
16324
27444
31280
4741
19993
20569
8848
31026
17639
3240
10164
26320
813
16822
10542
12219
12968
15833
6473
9504
10137
27871
15083
11098
28104
16640
14016
2683
9929
10256
2964
11560
7550
24826
24065
16811
13021
17769
27467
28995
2035
23496
9096
8638
2345
17773
12036
30026
16071
23825
25315
31881
1718
6532
26888
20195
7050
2206
7990
32032
3264
30329
29045
4662
3139
5341
13240
5727
13621
14076
16060
18543
12269
30048
21555
357
22332
20001
3618
30272
17141
5467
23944
19476
23468
18911
23616
12892
23485
8745
30248
30610
24977
26003
11651
19453
30492
26056
32412
9931
12970
11386
9901
351
21724
12632
20990
23788
2029
11322
30033
17987
9274
22431
22142
19433
7682
14170
2139
6765
106
14216
24030
13048
6596
14277
6278
28710
15632
22176
22006
19732
15555
4428
228
8891
712
2968
18737
20348
27077
5152
26457
31995
15263
14533
12046
30769
31040
32604
13600
20413
20376
5795
3232
11387
24033
4985
24389
6232
12584
3662
25870
10085
6409
13528
32553
14122
14778
9223
31252
14396
32587
7740
15106
13842
22059
29110
23680
4372
19695
9036
32344
7925
847
12642
19638
9539
2673
790
649
25148
6763
22458
27436
6116
16643
19079
10054
19796
28088
16015
14575
14933
32519
18164
6932
4397
13543
24408
26652
6841
11414
2196
21451
22716
18839
7597
31847
8823
12284
29956
22298
28538
13281
8652
15256
17593
25145
27073
21249
30690
1741
17175
28169
15598
21377
28337
1622
12791
3289
660
28458
23881
24509
30875
31041
20923
17529
5484
3581
27968
4872
15274
1472
26041
11410
32621
15769
6157
24115
3567
12324
19836
24830
15752
5547
27440
6978
23004
20369
16405
1803
83
8945
25835
25068
8393
1666
25242
2556
30343
1982
4805
11295
3442
2883
28321
10119
10115
27769
16392
19066
5751
16501
26825
19541
24008
16413
13379
10449
12507
7565
26418
16517
8571
18618
456
25260
4742
26453
26624
9257
17126
1011
25647
10184
1219
14442
14299
15303
29943
22398
11985
28821
18115
22973
26738
3289
30656
4519
19278
694
24
27410
22260
19021
21237
14797
18439
17796
17210
23428
17045
4358
8306
12515
30373
26252
8197
12798
29455
29786
26290
8689
6801
19980
17977
9667
28446
23186
856
17041
10105
25466
14329
1768
17155
10605
9642
25458
4050
8701
3149
30421
22274
17054
22801
20696
9040
31985
16801
28872
21988
20553
8091
794
32111
5224
8259
8785
9078
24969
7289
7970
1006
14756
11496
5078
25352
22253
20097
18161
30030
17309
11048
8465
3567
7926
23212
14872
1879
13185
12285
16781
6659
17051
26265
17984
5524
10543
17480
8493
12322
16837
777
1955
24530
10172
5964
2214
29355
16339
9825
31121
22693
10735
16689
5632
21507
24
14124
22252
995
1732
5506
17688
32020
12888
9878
19116
25895
9708
1456
18464
17353
3918
6897
28764
32336
1098
5005
12318
12691
17705
10804
9371
24063
2168
21457
25961
6631
13323
9335
9628
15900
10049
152
28720
16574
31368
28281
935
12881
22564
7138
4338
4371
21037
27674
24981
26253
22999
8723
10503
25449
15351
31457
1367
28035
18114
19568
29461
21571
31959
31863
14448
7977
31104
25512
2972
10921
27188
28970
30839
1850
16737
8776
18795
20138
1641
8811
30614
25524
26346
10053
26152
20436
27971
23888
27917
13146
84
30839
30413
31678
4229
15634
13744
21555
5641
5400
13349
1150
17508
1424
17508
12809
5930
6217
4947
14131
7178
3531
25254
1259
7692
27533
11851
17021
5655
14953
16645
8107
1206
2380
31831
3328
6427
2098
22435
20065
18789
20306
23187
7141
16414
9877
5816
17639
17160
24909
25713
2393
30489
8740
26383
7514
9668
6994
7222
2827
26490
7956
31366
26271
22385
5209
25467
2226
13476
9150
27794
17116
5147
12476
17326
17029
2156
29472
12985
5627
25218
17596
1678
1985
28573
30557
23831
17451
22682
18173
7858
32039
1653
15417
9946
94
12300
4869
24579
29564
29989
31134
22213
10955
10931
15296
2109
19975
15445
11802
28593
16238
18208
28159
6002
30998
20894
18782
12551
21635
17686
25332
30855
28793
3086
26304
26439
10511
31247
25271
31157
22021
24744
6074
3204
17239
30133
22213
5386
6162
28386
15977
14566
8039
30314
27772
2277
10238
23845
30735
25383
28045
11713
18336
16509
16552
1359
6033
28950
24795
21762
17625
3163
15606
28980
12282
6167
3496
4522
19507
10971
32335
10009
12022
3489
22543
10729
13212
8367
25377
17976
1880
1982
29294
2338
12649
24924
19805
29504
27540
3471
27625
5230
24274
18363
14582
5330
6214
6085
20197
20250
19057
24185
25190
24580
11945
297
20365
20260
6855
30871
32041
13538
7969
18198
2641
450
16568
6635
31295
19176
9138
6649
21090
16347
14858
12190
24238
11657
19078
15832
4151
12939
25577
6316
10750
2219
4202
15048
12298
1955
23910
32359
19643
17704
2898
23925
8284
30247
31219
31987
12023
30031
9425
1950
24685
4815
17385
7115
18117
4449
25762
20630
7877
29831
3842
5691
16063
1044
19234
30148
26542
10479
6879
29669
11394
1812
15315
6948
25527
30939
17796
28988
22316
20349
30682
23492
9779
31956
19927
14348
3556
2658
10370
10824
3000
405
9764
26608
3667
10569
31159
358
10400
15503
22172
28378
31523
32429
17548
25707
18315
20582
28625
12686
25223
10875
18870
12212
30683
8561
3388
1063
21683
22165
31758
14645
11319
31294
26551
29329
2655
17234
23315
16630
26889
11
30723
22797
6985
9211
23909
12689
768
30542
10564
19633
17584
19280
27467
12470
28046
22575
7040
21477
16345
10241
26927
32679
6507
13064
30243
28391
10382
4405
21020
11196
25360
25836
19070
28744
29594
25351
25159
3808
4413
7197
1603
9580
30030
27396
20867
8209
25460
11412
30219
20238
30719
9390
7627
5092
12411
13437
22481
27066
25221
17916
26044
19711
5342
4281
32116
18001
28350
7128
21272
7326
12651
8538
32568
29321
28681
13984
5445
21263
31156
24106
32325
29034
10700
26277
27595
8245
4752
15141
30503
17362
13807
2223
16602
17417
16538
23802
9293
16625
31582
8822
21442
3860
26289
7566
28810
16078
13451
20266
29560
13046
5239
24697
31127
2752
1513
31725
18712
25314
9426
14215
8846
12790
9330
29780
12894
17440
27757
22328
13936
6640
3106
16106
11307
11914
30776
23360
6817
26884
18041
18861
19718
15631
23524
23304
4455
16090
16637
26254
20376
11827
4200
20011
3183
15600
13238
6133
11567
5261
25215
16633
3911
24342
6065
11579
18493
22343
28967
22776
8677
9203
11646
12078
9942
674
15396
10591
21278
1406
5041
7313
15669
26736
17019
22425
19248
16774
28004
30361
18487
4248
12535
4040
28217
29227
6324
7537
14302
31125
8359
18751
3774
30306
30016
31927
10704
10487
25950
23302
12325
10869
15021
2045
29654
3040
27698
24666
22843
28801
24356
1865
15965
10120
10750
27946
30382
2294
3538
13205
12024
6586
6624
4763
19860
15130
11623
9039
8924
26965
19387
13190
32226
19847
30360
1754
31075
9932
694
10485
5366
20136
6813
13580
28297
23719
25531
13993
12302
11584
31156
1966
1394
20479
13305
20375
11983
8420
27036
2047
738
4358
10083
10853
30143
25211
3099
27441
30659
23420
16174
9714
16587
13509
13688
24298
23459
18235
14423
32204
1474
15569
25345
9668
14132
18604
2587
20152
26327
10886
16775
974
24266
336
29821
27438
13603
12571
17373
31497
15584
24632
7875
32730
801
20382
18780
22507
11412
4749
17913
2075
18224
26993
21602
3552
25638
17417
31597
4744
3604
11976
20687
25540
28540
12156
29489
21862
15734
21805
27271
28778
15009
32584
25245
4915
26207
8189
29682
26392
11330
32229
28362
20255
10177
14568
23679
13320
20528
5726
11032
20878
8431
22644
14108
26857
4577
9425
10153
31895
29727
15994
20672
31068
1774
5875
4067
28808
22767
31400
22242
18296
18838
23691
22770
95
16093
1277
3583
71
25402
10226
67
30290
32718
9808
6168
18502
18143
32409
23050
10312
8840
12490
19249
14312
23471
6531
28606
23646
11576
2151
6099
10259
6008
5574
28312
32100
2029
31610
32651
20130
10540
29966
9751
8029
28442
27430
7017
10978
13151
28186
5759
21506
30232
17381
12929
16917
5836
3390
3925
20287
6562
17924
24686
11250
19665
9439
24036
23476
25175
7717
19402
28451
20974
3578
3004
7990
5948
19900
27831
11717
8266
14494
11565
12108
55
25490
25433
8684
14894
3181
16337
30130
14485
1093
24154
27164
17543
6430
6399
25817
4485
17094
4453
9681
12648
5886
25689
31845
1178
18650
15275
25080
31366
14187
12863
7598
13901
20379
15969
21875
27579
17751
5721
12352
2169
26612
17215
28057
32132
5579
22033
5723
15581
4903
29443
10932
16259
18530
10006
29043
10142
11082
15340
19586
21245
22473
32219
14000
29122
7110
10304
20148
30044
31302
27670
4975
27574
27095
17607
13682
6830
21038
3905
8640
28617
3343
5965
10709
6181
28269
3868
27879
21679
6099
9507
26219
24213
6914
11306
17883
28671
12252
2463
29623
17658
384
24111
26570
10420
22199
7320
13486
25327
6543
696
27794
6576
581
10474
17211
31543
26984
7059
4425
17460
1340
13048
7356
30264
5725
7507
19126
21098
18340
20261
7810
27771
17742
19917
10710
27100
20315
2138
21077
16686
19253
12958
4184
3578
6290
22147
2798
19618
11675
4003
13602
4759
15950
9490
20604
5837
29473
30078
30922
7788
29416
27003
7455
8649
17400
24600
2589
15764
18573
18870
26992
17491
23145
25882
23195
1038
18878
21184
2295
5196
17230
29298
25336
16447
25041
16154
22195
24892
28311
7381
14237
15726
5486
19784
12694
16074
4038
32311
27942
5701
2835
9811
18694
8005
20083
9300
19682
5974
25489
21576
14685
32287
18121
3883
22870
12692
25229
18615
30825
6765
23047
16253
8889
31958
26367
29493
4589
16744
20224
21843
27513
19032
13238
26587
13343
10478
17051
15989
7349
18233
2003
5572
3112
23042
26707
29940
2753
12030
1865
3474
29351
11079
6840
19873
2470
3597
29539
22506
26670
19337
15341
22163
20895
5171
13118
23539
25027
23605
26153
17829
13212
30495
11339
21979
25953
7132
27702
30453
7619
25829
27343
23891
30324
8372
10740
31591
28650
1660
6754
31758
21089
8983
9430
14112
8223
4672
20083
21573
31995
22530
31844
4107
12064
28272
6850
22326
7439
23447
10936
11352
27875
25521
31717
2977
10457
11164
5377
16631
3343
24458
4036
25673
25228
12793
27651
28705
2945
18150
7709
9849
9422
24381
23701
14288
24776
22677
28928
24701
32570
21786
4130
28738
1706
8138
32084
28708
8925
8421
32040
23162
19613
30366
23376
6469
7865
1559
1980
16063
31822
6284
3843
11319
27717
22735
29188
6939
19997
17652
8397
15447
19434
26701
7356
25053
11678
29081
1507
26245
29064
31096
6065
18456
19994
3362
22735
10151
239
20825
585
9250
3853
20892
25070
17190
23143
20382
15353
23573
12454
9974
28657
14700
14120
6424
25805
25681
22601
5508
92
20076
5602
21053
11748
19960
25872
18557
14346
8218
30519
27047
31217
25969
5190
8317
11174
19694
27196
29331
19900
24806
30187
22019
30771
10853
26875
3939
4255
7878
12595
11252
11141
2944
1268
27676
7433
29763
6406
12823
31942
5956
25496
18665
8446
3029
4225
6039
21747
12088
2764
5270
20116
21429
16244
3460
10076
26090
32108
5910
23672
31843
5858
14674
6696
1386
10181
11262
22119
1824
9605
14168
32462
9677
7194
3335
15798
25717
15431
11602
6813
21420
7968
11408
31179
8874
25290
27871
16180
18082
1154
8217
6305
11344
7136
9732
13067
10194
23389
6857
24391
5816
31252
10664
27113
26718
27333
30697
10850
122
1055
15382
3435
10225
32319
21863
7847
32751
26996
30590
21891
11062
581
15956
10594
8630
1717
15988
12535
25182
28869
25959
20721
30515
14907
15983
15838
32671
3490
28536
21833
13579
2194
587
4646
7600
29489
19973
8305
25001
4346
5319
21521
30285
28349
10672
1794
5053
20967
13064
8883
10425
11524
23742
22701
16568
15746
3861
20086
4151
14008
32154
16565
6993
7719
8793
24982
10896
15615
31056
30320
515
19173
4132
30886
3728
13811
15891
15819
32140
11264
6186
27401
29321
18722
30136
14275
20335
3954
6402
17273
17103
3087
20536
748
4211
19814
8872
2179
18490
3760
24114
11246
24355
15547
6396
21769
24231
14318
31591
28163
7756
30600
26177
16575
15223
29224
18748
17274
17281
28562
15774
6319
17422
10160
14651
17975
13722
21207
28064
26549
29781
3916
10130
24625
15153
16391
17079
20227
21817
18614
1426
19443
31012
19205
31157
11934
810
18717
5169
25884
278
20842
16978
7647
17565
6050
11913
18654
28654
7939
20906
13299
12426
23004
9303
18050
7254
25166
1212
8284
25838
12372
9342
8163
21821
28929
4845
4974
19787
25353
14209
6639
12373
23683
20612
30419
31011
24045
18956
23849
26774
22129
300
30215
641
32102
18283
9769
19641
25882
14965
22236
1136
10959
17425
17946
15806
26627
22099
8695
8577
18677
14355
29500
15719
27748
30110
6993
6729
28826
18858
26976
3259
20905
4752
2743
29665
31989
10165
23150
23172
15858
9033
21578
11876
26671
29749
12002
464
25236
19534
24832
2933
30696
16079
5706
22644
4245
8966
22306
25783
14768
3917
26570
3460
7476
60
8908
4690
20366
29
21145
6108
5727
25248
20080
24949
3197
26833
24193
13467
18235
24902
11091
6862
24810
6301
15459
30115
3231
11814
18958
6420
5943
8412
26288
24602
31129
10394
17166
28542
24635
12171
4593
6891
19432
32739
20244
8265
12224
31180
27968
11590
12416
26019
12214
25397
26883
13925
13005
19740
22537
20580
26588
31752
23352
10303
2138
15780
23392
19984
17476
8458
3587
14567
12223
15833
28693
26232
13311
29064
24064
8976
1895
1786
27883
3534
28914
31826
26940
11535
23249
23304
7771
10026
30806
22077
19385
29534
784
9035
27410
5896
21304
16545
11247
17177
22347
7886
18542
26056
12025
24539
5957
1156
27966
8414
32517
29229
17871
460
11932
13699
10679
24463
16158
13279
5954
29784
8901
29729
8474
21047
1334
3561
28848
27625
261
6410
18397
8177
20092
12603
17866
31210
20376
25104
29453
7707
7509
3881
22804
4940
31275
11434
10439
24280
19929
23530
13417
9988
3681
16496
16575
20367
14932
8475
29045
17546
18511
10656
21693
26474
12230
24634
21049
21084
28416
9116
283
26072
12899
17707
10635
21625
242
4970
30025
8460
4628
26805
5011
17127
12439
4659
21577
25724
20212
8966
32335
28717
12501
1988
25907
24418
19924
28203
527
32729
20870
21776
5041
9022
23736
22681
2554
27900
27640
3756
16516
12882
1880
1959
19591
8361
8046
18258
25086
7717
15263
18962
5125
6266
23966
27231
29830
13825
15919
14967
22292
7435
18225
9812
15127
17781
28379
29148
8490
2172
22598
26457
20417
25299
23851
18984
19215
7411
25839
25013
1063
19891
11484
12455
865
27416
26034
11351
4607
23918
19038
2183
10000
18583
5129
27473
7061
32676
28500
7517
27107
22178
22242
2647
31816
18102
30488
9632
20209
6253
32544
1860
26891
2125
820
21805
28969
6576
21529
19606
24806
3026
28649
32706
7115
9512
28694
7149
28019
18675
6316
19331
13036
2838
27862
2192
13153
13860
27812
29559
27638
30654
24587
488
21236
10012
21294
6668
22054
23017
10203
28162
6275
15188
24665
11151
13068
22884
1889
21521
31992
23691
22890
20661
7951
23935
4906
5866
30292
19781
2393
28950
2534
9102
28088
16263
6184
18247
25938
17836
32544
25964
21505
22405
1053
10781
309
31576
16029
4083
31217
21414
10861
14740
21526
25949
9490
2437
14052
3663
23144
27712
19646
16355
25737
2183
557
21002
8944
18935
13864
629
3295
31200
16275
29702
765
23124
27653
17028
25668
30590
23502
32402
27162
9013
24377
9698
4030
20177
14606
27558
2278
14142
27227
25927
2983
5967
27508
28506
29076
21588
30265
24272
29738
22766
17815
21100
2156
4642
28242
14459
7626
17069
13569
23743
17479
8343
1370
4780
32219
28939
28335
20439
16150
5734
18873
19115
25351
17550
27541
29021
5724
20357
2572
19747
32202
18494
13591
9633
7088
23471
2466
30884
14583
10279
401
6675
21820
31970
1281
4131
25137
14299
8400
32713
20032
13793
1631
15733
8818
2285
14486
22013
14224
26803
2601
9175
18056
4471
20762
17548
22545
1314
29568
617
22418
25237
12678
1656
19776
18237
20662
26287
903
28391
3192
25702
7084
1494
28629
28431
21936
24851
31873
16161
3959
4357
17177
7509
16170
577
20649
10773
27865
8355
5489
14641
28517
12446
10473
5589
28829
21200
3842
17080
31911
26074
25263
2709
8354
14958
2468
29919
23689
19882
21853
29361
27738
32164
13667
22532
11384
27718
24267
29988
7502
1116
3327
25701
18998
21739
16321
24593
6041
14020
6764
13478
15447
28762
18557
9022
27241
19409
2899
18511
27333
21335
21811
23188
12417
10167
5519
22091
10044
9515
6792
26785
16570
19058
11185
12139
1486
5667
16918
8470
11901
20033
381
12513
1376
26127
22251
841
6730
30246
24682
18117
2091
31428
522
1204
21044
19559
19494
32404
7228
1691
5864
27508
16995
20752
30479
10668
5109
16111
28656
14539
13713
14446
1723
4049
28298
8867
6912
9119
25997
14741
10354
12715
4228
20633
21994
8952
23483
27868
30127
6982
19521
28220
23284
2182
8594
14940
10402
18064
14962
7671
32088
11032
16668
22644
8368
3550
25244
1467
5573
8486
5498
23112
14066
11880
13208
25981
16092
2888
27485
20029
25266
23240
19475
15798
25011
28349
29070
27774
11761
23936
4879
1506
4693
8165
31080
21883
31204
19313
8288
29442
15424
15559
1880
24676
4978
18020
29999
19993
7910
14220
13156
31154
6071
20356
1146
23218
6702
28930
22945
4511
10373
10722
2962
19801
19184
25370
6843
6826
28894
19696
15004
21021
30587
23403
11377
6164
31098
26375
11537
8981
19475
17836
31254
15461
19783
28641
12862
11992
26475
1598
5393
6119
28132
19231
26052
20227
14128
25760
30046
22313
6182
31429
6169
3767
9342
1528
2571
4478
22675
25017
1797
280
4200
30609
6588
10107
28649
5703
26150
10191
8308
18775
29479
12669
1944
17568
14189
27017
23325
14429
28057
32289
13892
8534
29599
6262
5199
26968
14703
8394
21572
27618
725
2250
10735
13089
157
4127
8230
286
1276
14144
4177
31031
22315
21642
13097
32204
27221
32658
11967
5690
31667
18106
17856
28941
23542
25346
3064
22129
26597
24097
17430
7914
29767
24277
19119
581
12547
3959
12933
21199
18310
21202
30216
30916
14437
15157
25117
16906
15427
30663
7711
23071
11254
11291
29987
32337
13285
26116
17537
16941
22196
9643
13200
30777
804
11230
6320
4838
16692
683
12174
4544
14989
29742
1187
20200
8732
25511
14846
16580
16129
15567
2372
1013
7848
28013
9973
16777
12853
7460
27376
17778
23334
6031
25146
22839
11059
7312
11771
14058
23417
2788
21449
10330
16088
6395
25385
9865
13210
4103
5203
3425
22613
15700
17462
14242
2066
3543
29116
5919
25006
2057
8271
7466
24193
6134
17308
1869
15422
24976
6295
25659
15898
3402
4031
25861
2353
17122
11427
20113
8229
18046
32421
8009
16904
27643
5886
15632
12412
21634
8194
16250
8472
10844
31141
10812
24078
20231
32575
11233
23051
12169
23180
13503
15199
13060
2039
31274
8798
30603
28696
14823
12038
20788
14971
20963
2530
16238
15779
37
29741
19605
12366
24322
9019
3012
32763
29072
27413
10475
28842
21597
31844
16161
27107
26208
14736
26939
5369
32303
26408
16541
12432
32627
15237
15952
15709
25753
4522
12885
26669
4299
17263
17721
21801
32287
28383
14314
12376
7182
10974
21961
10085
29223
28431
19712
12451
23300
13044
24854
17230
27518
2135
11201
25876
23069
13545
24571
12499
31442
3882
17239
15013
8937
8840
20886
29978
2361
24267
15989
31684
30366
22192
18890
26361
23209
20948
6607
3284
6293
13780
4030
21373
8317
2739
19102
30890
10445
7804
19548
29286
7159
3112
29981
19730
3687
10689
18643
10921
20664
8648
13070
18248
29224
15317
15638
9965
18249
6269
27190
20606
18682
25720
11866
14862
24470
18179
13021
19037
28267
3972
23964
5021
13166
26221
20047
11132
20268
1378
17945
17502
2308
15006
11613
27626
9108
15251
11220
4809
21873
2768
1756
16810
14875
29992
14867
8074
20272
27153
32293
11570
20959
13130
12770
23041
4256
20417
22932
21995
1314
30131
10383
17602
19077
21
18697
14004
17354
19251
22060
2582
1672
17559
15466
6752
24032
12844
29713
24696
31154
29859
18975
26675
7697
18710
11095
16153
26357
19947
9620
16488
29744
20220
4958
25180
4516
7412
9659
26798
12210
29692
16455
8282
16374
13720
23431
2214
18993
31179
24955
3424
19846
15234
14450
13927
16874
9264
28706
28781
19926
15029
17656
21242
1086
31108
28077
1972
16071
4101
26394
14047
26677
21304
12877
7456
19234
8604
14556
11910
14582
15951
19321
27338
7443
26486
28359
18134
20560
11231
27245
20357
16553
17381
20072
27050
16693
29076
25253
21331
5720
11278
13519
19023
4665
6701
14438
31725
21878
8298
11537
8711
2071
1534
16181
28991
7873
30023
5830
15497
44
23404
18525
29162
7895
27460
23691
21631
23291
18292
24942
6080
16573
6104
14977
16390
30375
3621
8888
27723
28761
7628
5325
27953
14716
27425
3540
19782
27896
13756
24086
11911
11367
16927
31772
8483
11209
1690
3594
22401
9593
8044
7471
23427
19040
20011
10201
10509
616
2150
1390
20929
4403
22920
20664
3597
29454
7167
19585
24424
1568
19870
30304
10200
21479
832
15314
23224
3814
16303
1420
10936
6295
12740
3344
22821
9127
7631
12415
2667
18018
30264
14510
17368
4461
26471
17787
30370
32435
23266
21602
15404
19617
13749
5451
10117
6550
22039
422
20529
21397
5194
27066
31277
20542
19139
27706
32557
8444
10635
3098
23848
30591
22757
22688
3606
11885
12081
23486
3321
19028
32272
17055
11290
1764
15049
29824
8341
17499
1516
3009
26391
26944
22069
25916
26087
3156
19122
14805
28707
31430
26664
30290
3661
28326
17844
17774
12294
2460
27822
40
11032
26586
28626
30817
11194
24399
32162
20902
31248
16157
29190
23627
14578
9038
11062
9913
494
12482
9689
14600
656
19820
9327
11985
32480
10431
26092
9021
23853
10338
12197
9058
7945
3371
11888
6864
27541
25675
29447
28262
3839
6342
3502
14699
4936
14631
3350
24794
22091
17777
25728
28924
16635
6488
32037
31036
1004
18097
30422
23096
32021
29736
23520
14868
10964
5169
19506
4883
20530
2113
25538
4200
11881
1085
24620
11593
30627
17971
18844
19014
24325
30280
8943
11481
27116
17137
25877
7486
26230
3430
18874
5764
11077
14932
10533
15589
1151
31442
28512
3667
29209
8599
27801
339
6998
22634
1224
1550
7050
18905
658
7589
3108
4910
4461
31686
28651
4767
8966
26237
25480
26053
17376
18508
14149
11344
9021
10365
22036
25336
21057
32183
7635
27319
32341
3792
3278
4149
10954
21986
26758
10116
11710
6561
16817
4109
29764
12523
31105
13514
20927
9377
11305
23734
24207
9142
9374
24450
10736
32133
15770
4746
17182
5736
21479
519
23998
2694
11738
19078
5497
29420
31774
9881
5354
224
22450
1228
9146
25457
24885
14810
24585
11091
25954
8993
10000
8426
10967
19796
28933
16549
19738
29552
9279
20877
18653
27121
9115
18974
7553
19013
7198
30549
10202
29313
21980
6666
6706
11603
3096
28288
13712
5687
4268
21051
10298
3566
16044
31761
13688
21293
70
31364
2715
5010
27628
27727
25918
2267
15542
10047
28364
30298
10753
16708
28994
6820
25181
12232
18742
27018
11686
28991
14617
8778
31344
29952
441
5638
23208
13651
25609
12916
13177
14283
28709
9432
9325
26582
17809
10543
27093
32658
10433
22957
15978
29410
4575
4714
52
4290
6344
15705
7339
20183
25176
6777
2077
29514
29415
22607
17487
4311
2579
4243
14951
2337
27584
32042
27657
2377
14942
31060
16321
13502
18027
8999
27809
29271
30520
12604
18731
3999
12527
20648
369
11888
23509
7981
30842
12483
28877
5554
22760
5830
12062
30449
6360
815
24437
5744
29962
22992
18478
2994
10050
11372
14031
9646
23533
27082
17109
12928
11016
775
11700
28511
6206
31536
1049
13519
24144
5393
25714
13079
2490
4935
3760
21238
9876
16029
8523
3730
1462
9877
10119
22193
23839
20548
23799
22571
18328
18275
19007
13728
26516
17828
7965
2406
12635
25666
28075
17349
8295
3036
10974
14695
23566
5763
6227
30218
3938
22546
31563
10104
30806
189
17652
13497
29218
3565
4074
21895
32488
15692
5885
15874
5271
13851
2357
12965
12560
23756
24339
6265
31111
1229
5402
21896
26924
29858
28558
5525
21259
28726
11132
18186
15153
15731
16634
25650
19217
22288
6832
23720
25894
16810
26263
13072
7129
14103
25601
8964
4004
7159
21210
25425
30840
29579
26669
22628
24156
17867
27625
19199
17752
11186
25574
30513
20625
30173
28707
1924
8373
8532
15442
20600
29081
3752
10902
24624
15137
12094
7051
13932
22881
7402
30599
14519
1
20415
23839
14050
31974
26150
6381
5040
3598
13102
19089
26067
20156
1827
23286
9495
32726
26210
10199
14302
12171
8811
2177
29900
1080
2360
4058
27843
11917
7886
12194
4370
18156
5393
8441
2537
6673
30172
13857
20753
10488
13137
31110
25817
24571
4718
15867
10068
18748
9185
1095
15809
15938
16158
23008
1099
23783
13230
5366
27123
17265
9418
4531
18634
22527
17192
21698
3683
7975
22805
14094
18568
26077
23748
32460
27180
17046
31974
2491
23713
12718
23418
27818
12555
20743
27367
11324
1557
32500
8520
29416
30178
24661
30215
26691
8263
4611
23981
3458
9527
2414
14328
17210
9086
26756
25647
23659
4018
18645
28594
25277
30567
16885
4821
28681
1187
12066
28654
16667
21906
30759
18605
26039
31866
24960
7596
12761
15344
10175
27719
21569
21325
27183
32430
13871
28508
10422
568
2156
4949
22784
22523
8585
3599
22233
21401
4459
20337
13275
23644
3592
12842
10826
9350
7531
3489
14140
27362
8446
9263
8189
31391
9736
16781
26289
23902
8053
7560
29243
29578
27862
22268
27998
26344
21160
6911
8482
11119
18393
19549
20090
601
15496
16197
19235
13178
15885
23873
26063
28881
7225
17771
21891
6237
29662
15583
14398
18481
17042
876
25819
30923
26545
24719
5176
4514
13985
31905
9624
11262
32346
23119
582
30732
10789
1099
25724
30770
24483
17217
1410
1696
15890
28685
30490
22824
8908
13867
11292
30543
5904
23150
29790
22180
19205
23029
28630
4432
16892
30044
15619
27375
5110
31791
26248
6046
26726
27812
21531
31061
3640
15241
17053
18296
21777
22651
1930
21672
3033
16985
9108
26335
18551
16376
26763
21948
23771
4376
13952
25371
7490
11159
5162
489
23477
22757
9865
32567
15571
18360
19400
16780
18897
26113
23912
4736
25535
5918
23963
9862
31757
6737
5102
22282
13901
13681
23851
17084
22330
30687
12926
18475
9466
10684
11222
3733
7328
15193
398
4349
8437
18671
20813
24447
1656
1681
10795
2785
8355
10334
9237
28266
13424
6907
1650
19447
29724
8257
16902
28235
26667
9266
16919
17831
27052
24114
22735
12954
4542
4724
19170
29467
16979
1970
15985
26069
11316
1313
4397
6082
30278
27812
22975
20475
27147
17727
6248
3535
18795
18895
23268
11538
12725
20473
22421
9399
12257
7009
17373
5026
27160
28956
27084
4023
630
32615
16635
27447
5902
28057
3767
25676
814
10326
20834
29410
17893
15878
31511
10425
12739
24453
16269
22456
18912
22812
31038
29317
28703
6065
27080
23378
18612
3642
22931
5370
30436
3960
23220
2636
5900
28641
13073
24486
6629
990
12742
711
25862
20022
29640
27870
23723
29386
23496
19174
15028
16772
16731
54
22257
28042
6999
14164
17564
17591
10624
29963
26919
31563
24932
25021
28729
24545
8835
15610
16627
2978
30131
12112
22647
25273
23491
28261
11691
30982
28511
26436
570
12055
24115
25333
17628
6996
32084
22864
26840
4985
31963
26130
22215
27210
32467
5169
23194
13698
5461
29549
13022
12300
27633
11304
9535
3189
8272
1399
15435
19362
3608
4473
4729
27582
4624
29672
20074
887
2181
30445
13422
7530
2796
25145
29002
26587
12488
18513
569
3242
22478
15913
24112
17794
14151
12533
17510
84
17079
20028
21524
10244
8124
12846
20857
25954
13112
20535
15394
27739
2482
18900
6760
10609
7930
10150
7738
25448
18700
10437
1821
9538
18999
7254
25968
1134
20095
31072
8949
5949
22591
10459
29837
12181
24595
13834
6467
11753
11252
22795
2700
104
8613
4013
461
8821
6223
14465
30494
12376
28008
25652
32078
25395
24792
20763
7975
2359
31839
17680
8691
19991
2609
14717
20799
26557
24292
3510
14302
31549
31372
13196
27185
19975
17701
2591
17830
5984
27185
23283
18815
1555
6049
11590
27861
20067
9209
25505
5596
21573
24496
22446
5736
17868
5589
26697
20912
14821
32761
11737
28498
10052
12616
18657
16280
18334
15609
32466
13562
15129
7145
6436
5860
1
5506
15012
20921
4796
12258
7952
2071
18944
27449
30945
18781
17219
19571
24936
4458
29555
31512
3868
30120
12264
30320
17971
9034
17303
9706
14191
4817
25736
18622
16699
5333
7562
2258
18166
7170
37
13531
4751
26721
13008
26052
29778
30680
12132
4947
5377
24565
17873
23562
11815
29927
14095
1099
7337
25037
31832
28864
414
5684
3733
8186
25952
11482
16918
26456
4323
12216
2693
30507
4422
23872
15133
27159
6568
21220
5911
25533
14141
16599
18021
662
2977
2839
675
10530
364
31659
4171
25155
12038
27177
22568
25827
23485
31868
13581
31453
23316
25828
18886
20251
12894
16702
29519
26364
15500
32646
11076
19192
16452
27546
28313
8838
11315
19009
31883
18237
28067
9579
470
4922
5456
11707
1065
28355
15991
21826
8663
24873
27697
1934
31183
10483
20735
8931
20430
7992
13478
5832
16595
27213
27709
19397
7124
17313
6276
14444
12975
21732
7799
18326
14179
28783
3619
29679
31104
10464
27577
15541
6108
3076
3809
22460
31368
1275
3152
17590
10498
10646
23965
9649
20652
30468
15184
225
3965
16814
23869
20384
22263
23647
5392
32435
31577
15016
30504
17359
17173
4739
1449
27739
2692
16694
4556
2424
20441
30586
18298
7487
15188
28893
5914
11593
30648
14949
29095
24181
28414
19574
2821
32229
16203
31733
5781
6986
31776
1710
12807
6242
4048
16115
29295
20927
20792
6790
18331
17609
8618
10426
10660
22278
10026
13268
17604
8857
30429
4535
5991
27657
17342
26561
13957
9540
26003
26096
11310
8676
19488
15689
9319
24752
12954
21882
23604
3686
10078
1470
1782
9656
15331
21761
7671
20628
28909
1349
20036
28328
13060
28228
30907
25894
31525
27478
30820
7108
26551
24726
8965
19208
25024
6976
14320
32706
8793
4446
12576
30682
11360
17572
10884
15435
3692
19608
21403
7280
262
19446
8001
28287
13590
21842
9673
14675
26267
767
27979
11118
1951
17968
3135
830
5995
12637
23115
19615
31223
16872
9050
6050
25508
27905
4334
3212
11565
29639
15799
290
9179
17071
10084
29476
10745
24618
29369
3096
15240
11906
13794
4680
11060
1285
15623
27406
11142
25702
32032
4687
30810
19040
10507
11078
13460
26780
7387
3715
20495
17109
4980
31027
2518
30778
23125
16801
25239
15380
30644
13565
4948
16808
30416
605
23644
8031
20099
22273
16506
27940
5654
4059
108
8718
31834
9294
27286
30015
13556
11831
21240
17932
20473
13098
18270
20318
12219
4862
21462
10839
4322
16267
27495
25657
22718
8626
18688
11140
7643
20382
23727
22623
7894
30794
6419
21561
7024
10307
13588
9392
17377
19376
13777
7602
12911
4495
21722
32482
9022
5185
5792
61
24170
27465
9514
4605
2131
2641
17161
21437
19512
4461
27277
1759
5384
29348
27961
43
18548
4269
10101
23736
14409
15094
7299
32272
15869
10987
3764
4495
13447
26228
26588
9996
17524
11199
1539
6844
13880
19009
16477
22098
16066
3319
14461
11627
31315
6642
19397
22826
2447
27410
14625
22303
1237
17426
20213
12142
14796
18884
13651
26157
26430
7838
10354
7181
27434
10358
14171
8765
5908
25482
23270
1419
7840
26307
30949
21709
21599
32059
10143
9855
10473
30972
17792
8621
8236
8971
14606
3604
12547
27813
27935
12164
17163
17864
23881
28808
16050
15605
18075
8265
25488
19509
20618
18352
22779
30554
16942
22987
11477
8071
6063
17266
13481
12274
3066
7722
1270
2025
27320
2633
29387
17939
16000
29787
21396
22777
12107
18885
28468
30916
9513
24744
22612
28232
819
5896
7930
19266
3777
27950
4445
30686
22237
8010
32504
14717
12279
605
12765
5812
6106
10326
4684
15512
5598
3963
10372
18745
27487
24843
28889
8044
10351
802
13831
10190
30920
476
26054
8965
15620
5053
5022
29001
17425
15697
7677
29476
14559
22543
10631
26485
6235
131
26285
27323
17313
12205
21889
31632
621
932
31688
10356
2515
31614
16721
19148
23345
10868
26246
29482
3937
9794
18753
27343
25139
13517
27617
28271
4634
32008
29340
1588
26661
16152
2839
7941
31793
22455
29235
18695
2398
4822
3114
16228
26303
4486
17116
7500
30806
18200
7779
25658
11327
20867
19437
14201
22571
12551
1739
28902
2832
8976
6085
29431
10015
9309
24241
23548
22519
24161
6724
32421
14616
1002
25127
17349
16538
24832
1869
22869
16927
8720
20101
21180
7686
5706
14667
7758
28897
28999
20708
29714
22313
20463
10154
8648
6449
1178
1188
22570
21337
28277
27993
23923
28292
24616
486
18718
31948
22965
24399
11504
20084
6563
31763
20280
21277
18781
13059
23126
6973
18645
28755
9594
3534
23916
13554
31406
9795
18454
25623
32279
20160
1721
3869
6775
10890
17623
13200
5879
25789
16237
8072
14884
22333
8219
28725
7735
7662
4996
24252
6809
27176
7928
20289
26278
10853
31057
22085
22962
23101
27418
10291
27721
3733
31223
10037
24251
4627
25408
844
10456
9685
10736
8352
5881
14946
15294
14357
14400
13536
29065
26142
544
5256
28409
7126
19743
3160
9572
9805
3802
25863
32238
16415
30026
15166
28405
24908
18247
28165
172
16707
11850
20860
1285
16192
19831
31179
1749
9432
18907
12891
13363
30419
10226
30023
18464
18489
8812
30477
14190
17327
24112
6794
9434
24324
8098
24869
24700
27912
25889
11082
30305
413
2772
23834
4214
23568
23463
15200
12199
19369
13200
5319
73
17024
5911
2891
19893
2707
25621
4590
22838
20758
32700
29356
6182
31754
9687
28848
7507
32273
15699
23240
12712
7297
22015
8727
24585
23479
13200
18698
30846
1454
2536
16013
20116
32464
20120
31102
14080
23819
17315
26721
2182
29992
8069
2390
9241
21080
30323
15945
18500
19472
18661
12649
13256
11799
23378
24027
23431
9950
15162
4271
14240
28687
5482
30227
27612
25960
16764
1734
20297
32202
9885
27088
5924
23181
23955
7793
10492
24855
13310
599
22549
4781
29917
2067
4619
5768
6741
12750
16055
10796
19630
9272
22358
27637
21151
26050
30952
13299
22219
7693
30167
28408
9867
27042
10969
12270
19950
5603
6935
27502
13566
22850
6031
4495
8773
23472
30135
31228
18064
9048
6499
22090
13811
14734
21992
7816
29197
7170
27266
11287
27021
20026
7667
30396
4341
7999
15725
10227
30879
30614
690
30854
1021
17265
9594
3167
9764
19751
7189
16538
18316
7138
20305
8159
14609
10903
17822
28911
22590
2876
2416
4988
18635
18997
20197
7998
26468
9743
7336
31043
22957
28528
31765
21383
24450
9550
29854
19140
18819
8544
22125
5771
14544
26834
6218
32660
3089
30013
19648
4179
7610
2518
29307
13259
14221
26854
9205
13991
24416
32122
27218
24199
24864
19803
14216
2968
14870
18240
19394
6247
18793
16707
2567
27639
27108
15250
22
29201
22778
15207
9621
28123
3847
21050
5739
23212
27865
9525
19563
20255
25199
2280
7218
5734
29440
1342
31058
29665
14912
21935
17840
17647
22238
14776
12330
29957
24145
10632
26237
30717
15828
17149
7782
16048
11439
718
14856
22982
5049
7690
2958
16077
3611
4033
31761
25481
26454
12032
6588
9099
14984
24835
20782
9221
5867
15271
22047
10717
19870
11294
32583
5632
19624
30182
6523
31737
11066
7676
30234
1730
19252
5709
14503
8154
13291
15725
10167
3223
2601
1675
1294
30142
18806
23973
12549
3409
8854
7160
7471
18088
9043
8379
21051
21699
2941
25100
3356
25311
29486
2603
14184
15175
9810
29926
16126
20589
22887
8532
4332
23609
7042
27590
15248
2465
10643
9211
31741
23674
1769
21395
15007
19342
32505
18630
15139
16622
29787
14678
913
29834
8469
4546
16059
21758
11292
17597
7643
29359
14360
11998
32120
8471
20328
25241
20873
16989
20838
28782
7389
28969
17644
32608
30650
31926
13335
18857
27077
27433
30026
20908
6945
30241
1398
25387
8411
13711
22425
13498
26758
27848
15749
15732
1826
11736
19939
4844
28483
18201
27511
25447
21103
12037
20902
24648
12743
25161
18997
11467
25065
26650
28755
9462
1558
28876
9434
4301
18064
17057
6098
6086
17990
26847
2871
2172
7091
22821
13051
18599
20740
766
22095
332
12153
32183
5663
23345
23053
18542
31963
24468
31577
20588
15229
20764
2742
12725
14280
4368
27810
26076
20429
25799
29285
21788
30388
12128
31988
32165
3769
29619
18197
9524
9333
12934
6852
18662
28511
30981
30165
16206
15250
13164
25052
16581
8401
6151
842
18945
10952
15964
9176
3306
22164
13991
15401
25512
2438
13702
16554
31233
25892
10230
13758
8418
7281
17278
20248
59
11887
26282
7783
6928
10721
23995
5433
22990
24149
24477
24089
3803
7778
22297
20731
10608
30511
19532
1755
2731
308
600
20640
12512
11845
7513
5446
11569
14540
25755
23356
5982
6230
29962
267
29662
8017
30697
26937
16430
9747
12743
7533
6505
26399
32175
11475
12569
28836
2208
18882
1100
20295
24892
27293
2283
22050
12228
29175
17736
10253
10820
8698
1526
26140
6411
24329
9693
10089
32606
1444
7309
7699
15470
22412
18131
3462
14471
17448
7562
30205
29321
4136
20148
6470
412
8296
27850
15557
24352
27671
10320
19644
3299
23064
18347
17610
27543
3496
20791
433
21891
26178
7061
24668
20856
14015
14402
20000
29191
30658
27758
11842
13553
31059
11275
14521
30431
22474
19236
13878
20307
14319
22896
15714
26847
3679
23591
21862
10645
30258
23060
8625
16318
23258
28140
31477
26319
31054
21214
6515
30872
31849
8043
13433
7871
14476
8824
15145
14445
19083
5793
2683
18503
7623
8145
17542
32416
7575
18191
11515
13292
5613
26779
12018
26488
1846
18490
28649
5721
29057
16334
5129
32419
23268
15401
6060
8923
5403
31779
25117
8622
1651
17898
30110
13794
31207
1690
24752
29326
14984
4110
21646
3974
32290
26869
1275
23066
25372
25384
13629
7680
1440
27707
5738
6798
28668
19537
23266
22572
27208
18229
8989
29194
27977
21415
10151
10254
15510
23796
17512
19729
27641
17098
18729
25930
21528
2889
13140
2314
14933
31581
13563
24490
12274
2380
11548
18114
27769
23947
29988
31132
10075
21974
10161
19689
13527
15999
17564
21170
27165
13831
22071
31377
3252
28395
31699
544
20761
17344
32134
18866
11433
20866
19755
24897
32448
3114
6313
25000
21795
382
20857
26130
20379
15917
19810
14771
26339
2331
25735
3510
6852
26874
12452
19318
19327
10266
20885
22256
17003
19074
23320
21881
11743
10815
20435
19628
5202
11772
19865
11687
705
19923
20201
8311
31314
23139
9655
9168
24886
14883
4975
21761
31443
4341
8760
29736
11043
1535
9078
30882
2391
7094
30610
18886
1473
20027
765
28627
9968
27627
29810
20774
8733
23602
16508
20401
21190
18591
30265
23208
21912
23614
20829
18557
19090
3362
11641
3343
616
9281
15998
8223
6949
30597
12925
10243
20501
2591
8368
15518
226
1823
27070
22159
13309
19009
27963
16041
6207
27402
14446
4515
18897
32276
4696
11281
24137
167
2289
4755
31765
8840
25525
10829
285
25110
8031
21911
31908
11922
22261
18677
111
1215
15876
11337
3370
14763
4141
23623
7687
26572
6624
24618
6056
12878
15976
26533
7743
21164
7976
25885
5876
9342
18468
6165
22663
9106
1475
7146
20278
4157
18387
20160
6113
11763
13773
9404
22124
20502
22618
15220
19301
10508
31767
16803
27878
3988
12693
1826
1725
11866
3749
18707
9675
20937
5330
3679
21162
18464
24878
10340
24467
1992
2386
11239
19838
4069
18848
30288
3210
14123
26827
4886
7072
23794
29850
5496
19283
12429
15336
14958
10251
728
10736
26335
20323
22033
26311
22036
13519
8169
24874
3181
6530
29146
9594
25170
15247
31674
9733
15213
78
7313
22663
15894
7681
30120
19697
7951
2231
13282
8552
21874
9841
847
30609
19175
3716
24831
20236
23578
22590
16148
26942
15725
15564
12059
6740
6122
4187
1693
11140
29307
22142
12784
12950
15197
30160
10579
676
1490
20186
15419
6686
20502
14903
9959
12816
26005
12789
9786
21160
12635
10815
32202
4339
5324
23865
9269
23015
5781
3628
2484
28326
32226
2019
11506
30209
11730
23125
29214
18235
21799
7044
28734
21008
17987
12196
10439
18422
2896
23680
23915
27299
2750
11290
30771
9167
20466
25233
14797
19003
19516
2888
8743
14322
9226
24901
18237
5583
23644
5847
3631
63
31864
16508
31382
26952
30687
26369
2072
23499
29823
1259
16954
1030
16682
29462
3702
8540
4167
2204
23694
17753
19144
29176
12575
1009
3932
876
15993
30984
12773
2720
32686
18232
20268
25483
2537
29646
18643
21654
2049
17429
15756
30207
5198
32728
20873
10364
25788
15650
23348
24354
32029
6472
18463
16516
23492
809
20030
25375
21583
31413
15700
10486
3268
27052
1195
32377
20704
31144
16648
171
12203
2910
26334
20100
5968
13089
23746
2452
25388
24232
6687
18922
4133
2064
7723
2356
2877
6692
21273
18728
20070
27101
12689
31010
16281
26917
14429
24334
1570
30432
3173
1928
19006
28717
21725
322
4839
26345
10173
26534
13807
8566
6769
189
3660
18362
19154
29264
27827
24938
29782
21069
30312
2440
25987
5739
26196
31530
27050
10001
25688
23422
31441
6517
26337
25867
20465
21761
21180
22585
7010
10234
19756
21780
3475
3939
29754
589
28670
13855
29005
9601
27739
28503
6650
4286
21524
12315
4893
2372
31738
19532
10793
2952
54
31417
22716
4223
1154
25736
9847
14360
17561
17368
23820
32011
2283
21924
17048
21969
21398
8938
20020
26355
22930
25869
2758
10888
7211
2425
7198
12537
14005
6277
6718
24328
13435
925
14072
19729
760
7840
25023
11151
21578
18567
23991
20705
1507
1864
32270
21583
24450
6905
31887
23112
15969
19513
7796
30189
176
31180
7036
17364
17731
10629
31550
8709
21384
8297
23741
10569
16315
17937
23612
19365
8029
22352
2900
15393
25058
11286
12099
973
8618
5268
14727
26630
306
4513
11948
1526
26764
27741
28514
18266
14092
28948
6098
5256
15685
20837
26930
26544
4915
29091
29079
9570
7866
9595
26123
24144
24143
8151
25312
24150
19446
6659
1604
11447
27756
30222
6421
25002
24229
24692
14838
29973
32633
13561
16034
27288
30106
10968
16256
32461
14793
3101
376
14798
28489
31824
12806
2808
8340
4691
10636
20975
13390
18829
10221
30946
11895
3657
16215
1041
4580
26968
24928
14988
30192
3838
16981
19517
9327
21772
1742
6440
21475
21577
28550
32242
20979
14614
30570
18848
12824
1874
6128
16546
21658
21884
10154
20752
22971
17175
1819
23603
21809
11859
4041
14663
21978
27881
31123
21887
5548
3143
10821
5450
26091
23789
9066
23253
11166
19735
610
21969
67
22172
18100
118
19138
1046
21157
28104
25760
20803
23049
19737
8053
27307
13145
18127
16032
4227
16134
5735
14649
8402
22797
1466
22599
3282
2252
11647
1331
15769
25363
7954
23677
11256
21119
23412
22702
12196
14851
15250
10638
18835
9672
11722
2966
28073
32311
27819
13224
3988
29012
4860
8958
30453
1613
12544
30561
7872
3922
18169
2971
9189
28072
18667
31790
1840
23545
4002
25670
18029
13039
23286
26349
4305
23553
18766
22654
6805
26252
26723
7260
21476
29477
17223
2787
1783
26926
4517
29599
8575
10919
27722
4028
11587
14919
10980
30910
15370
1995
20234
30579
19131
22159
8317
16165
24515
29275
24238
26899
26807
9855
11136
17443
6970
11042
4942
19665
23842
31959
22064
24939
30678
21105
22138
1664
6906
9497
20614
20374
29263
32413
16308
16411
21204
523
5294
14494
17202
25215
8433
17471
25430
15417
23433
23140
30560
1010
25371
26798
6588
112
24873
14636
22670
601
12946
2254
16980
20037
31064
25116
9671
27926
31654
4135
2305
22156
29714
15808
7141
10772
14111
5353
10684
27105
20998
29321
19996
27710
1718
612
28942
30499
18713
22345
20079
14854
8601
21389
3223
6643
6371
30137
9785
991
4330
23936
11146
14650
12079
7412
7846
19139
15425
10745
28463
13728
7295
1017
22839
22190
17957
25049
11104
10262
22663
31788
14401
32033
14487
18343
30476
12365
22189
13269
5998
30624
392
16908
3255
21308
27280
2208
21563
18996
16221
30294
31480
27038
31869
27164
9849
14825
23922
29431
9466
7793
3579
19516
18636
21329
149
27139
4859
32120
3648
10713
28975
256
17286
31669
4816
4539
32442
5934
6509
12814
17278
4330
10335
5122
26503
25690
6057
4248
31909
17828
20003
10589
7165
20449
1752
18495
30361
25481
1452
12703
20260
18731
32578
23719
16622
27746
14364
9694
30775
17156
7940
4089
16297
13468
26283
1781
1830
5659
25233
22882
18372
3530
11044
23554
26902
29571
19756
27538
2990
289
2150
16616
23775
26421
24943
19262
22472
6651
2788
1230
6029
27276
27080
30111
7912
16468
14630
22686
14561
1735
4343
5872
22233
9040
21573
3463
4045
1930
19089
20723
9433
13235
26739
25467
12027
15710
2944
4461
23066
11879
11632
26546
20807
20524
21121
30885
16450
14074
14102
25382
3648
8646
164
20457
13803
542
30158
22804
24235
16479
463
4106
6948
4135
1817
5505
28928
26893
17723
30683
3566
30608
22024
19379
19946
6734
1526
12982
30400
16247
3012
17588
19659
13952
25440
3830
25859
18972
20487
7635
22583
13928
18862
17534
15254
20325
22945
5922
628
27564
10858
19249
11595
26461
20212
29177
27136
21337
1264
16760
2408
9393
30328
24433
28171
30814
16114
25279
22568
16178
14136
32490
13049
26126
19702
3576
18231
20054
26963
27781
30433
10914
10963
23574
26170
5046
30331
24491
13841
27061
9271
18067
13124
21905
19066
22916
8071
32454
27940
24043
30562
18760
5032
25473
22905
12217
2670
4127
29456
3552
21366
24019
5582
28503
2623
32563
23233
13955
16103
24049
30371
12233
3219
26544
9052
25855
28433
7446
17095
17697
7100
5923
7865
29766
24992
30401
27200
22482
21727
29340
26664
13036
18772
30515
23236
26419
24693
3376
8427
11692
11902
31220
9280
23551
15052
20087
31926
2532
24454
22607
27988
10968
19587
10510
7734
28692
12648
10193
14293
1727
21265
24854
17288
1635
4147
2254
30026
9118
6463
25268
17085
31514
24457
1244
27503
2238
32681
10383
22108
7974
11041
32086
26805
29521
21825
12885
14816
4250
10056
10714
18624
18666
32716
2870
5686
29995
348
9932
18664
6656
29795
24679
15937
17587
79
5073
11449
13423
32755
10145
15190
9135
29994
16980
12914
17910
24510
21919
10688
19905
31624
29700
22410
3769
10712
9380
25916
4142
2583
10580
27942
9153
1450
27378
1406
21600
21274
32762
31908
16760
13426
340
10922
14949
29929
8560
31764
11822
27073
14741
6620
17263
31343
16758
21178
11414
29692
25863
10658
3154
11179
11406
11661
32329
13532
27389
32380
6154
11824
26239
9146
30274
27118
28497
5986
10802
30118
22739
11042
7008
17684
2271
10814
12685
1094
4441
23768
23272
21761
2055
20590
17025
31586
4259
2468
19200
15809
19759
836
8599
31706
10377
7811
32053
16687
12095
26758
24061
22184
27300
22820
24822
6013
29220
28398
31748
3413
9940
19564
13847
6064
19789
15018
12194
8834
31163
13555
3919
12320
561
25053
9969
14944
27456
7558
25785
12028
711
31004
25774
2872
7436
21411
13911
23237
10252
28658
10938
7652
2320
11263
16011
23247
30849
15709
29853
24148
20477
5891
13468
28611
32426
23631
510
31754
6091
1355
7991
31775
12177
6190
28972
6814
31283
7206
14059
23732
24897
10580
27033
21051
821
14872
22699
4390
20811
8592
22106
32
16274
19291
2128
13424
15171
10403
12456
26400
23378
28250
789
17758
32580
2243
23137
8226
20544
26677
25114
16145
22632
2844
2184
23202
9322
26944
19681
383
9041
9290
15808
27950
14498
8580
15316
2544
13476
28896
21717
13801
9983
9532
19133
31618
16264
484
6964
19212
12636
8536
6988
30630
19500
31056
31598
31584
16343
24574
18325
18080
15934
30355
14265
7877
28500
7428
25743
20491
27508
21262
13423
13998
12280
10872
5269
25427
16903
11928
21133
24227
29614
25880
10729
20537
32562
19450
23093
3262
27813
30938
22829
20306
30136
15731
29997
8750
23504
30053
31720
14984
25692
24886
14685
19383
28517
12950
25351
5528
23654
11751
17236
12848
12639
1276
14681
26259
14373
20257
24772
31492
1532
16988
30226
24157
8551
4595
19202
6322
14911
5678
24393
20785
10243
8542
29063
27468
8815
9758
7290
32539
26704
4825
21617
12539
18582
1677
22788
11388
16811
17102
28419
18042
11011
32525
30380
2697
7413
282
12833
14231
2761
7912
20505
28620
17170
3473
3797
8117
19006
8601
2902
24738
17259
25719
4301
23116
23420
9041
31827
26555
27244
23304
2266
871
16099
9588
5987
16030
18439
3057
18290
18469
4501
25370
29631
17954
17968
5076
26415
1849
11257
30095
24066
20214
20319
7624
10062
16747
20537
18642
31404
12826
1298
16343
22065
23061
26819
24602
30880
14691
1608
10110
19421
10150
22220
27212
21413
22523
17926
5681
29821
21538
20680
9862
9960
13023
29141
11732
27357
3487
20724
6296
3960
31071
26690
3395
8944
1738
5068
3461
7881
3489
16221
15563
9291
18272
9877
28679
23858
32031
23355
27311
21671
19638
1492
27912
23663
18724
5237
30628
21091
31282
19413
26665
23072
32595
28326
21333
24319
22991
28454
16447
29256
8736
24305
10464
22946
11420
4377
25553
25038
24917
8824
23382
18837
19262
23621
13724
22783
8847
9446
21055
30918
22122
29445
16655
24074
22974
30438
5652
7750
14188
28152
16080
16259
12712
21674
15555
6348
28834
27263
26933
5857
1126
15461
9775
14640
15873
10563
8395
23296
9190
5329
2221
7408
1424
15532
24786
672
29288
25514
19849
6318
6120
18282
958
14052
19201
5168
15742
12975
16570
19184
22456
5587
14875
19881
32065
11614
10057
1525
795
1242
1522
23005
23031
8647
32491
25329
14584
4937
1816
7065
26042
10781
1933
30374
15763
27857
20722
5420
25625
7221
24108
3732
15076
23565
10810
32493
1685
21512
7516
20355
25878
23798
21883
28083
31012
3637
19909
25597
28427
16236
10648
2395
16049
21116
9889
15057
20182
22964
31301
21318
23962
28229
7743
21906
21056
19189
20619
31960
23601
32535
19075
10006
836
19898
29513
19962
3388
3361
4452
504
23699
6771
16302
7065
11382
13748
10605
5910
19984
23028
20928
20005
19211
26054
27197
1043
4436
10228
31960
30739
3103
9329
27910
29142
20012
9615
5155
31835
12616
28018
32017
17161
3862
7109
803
17659
30479
7083
22585
21147
1480
11769
13868
2418
16755
25506
16236
16958
8105
7283
21223
9541
6247
24064
22317
22762
27222
5854
16594
32382
29775
8722
22548
29016
18462
7882
446
31784
23174
28747
3917
30856
29830
31275
23120
3284
18907
27840
12053
31804
22726
13784
19073
15639
30479
27050
28480
18810
12362
14349
22047
24074
22873
16872
32181
6926
32050
25322
7497
15305
1763
17275
16112
22534
19667
18162
17654
25588
24906
10760
24191
25140
19507
25996
12142
31793
4641
10585
12166
29872
11409
902
1231
10408
22383
2012
23868
4691
22491
2957
2954
645
8236
18722
27499
1085
30005
182
20708
7801
30920
26722
1780
26703
15737
248
8566
9018
18340
8948
9800
20402
8114
22447
20909
28671
22935
21206
31216
27982
13727
8219
22091
21253
15979
22826
11526
21588
2102
30687
11491
20492
30046
6326
30138
18101
9247
16771
5217
30427
27041
99
30158
5032
32309
30450
5504
18872
16091
9662
27419
1576
10249
3068
23378
13296
28071
28538
12297
25459
21598
24789
23483
4181
12306
20460
3098
31117
11181
17556
20470
16315
15903
3982
21600
15803
28835
1974
32015
20346
23107
10108
23555
31496
29854
7832
19559
12271
11753
11258
13500
4292
23604
21504
13364
31483
30190
18156
16220
16639
13228
2965
28670
19075
32550
16989
3142
3858
21378
5218
2339
7918
29398
8953
3056
11799
5352
2904
12116
21930
29496
21138
3943
32620
22080
19913
24854
12199
2042
23198
6344
8501
20387
31725
25666
26586
23231
11960
31687
3287
14173
2912
3716
22971
17308
1819
20012
17789
13934
27042
24032
14280
9628
19242
10321
5782
11530
11926
24872
20992
6973
3051
13734
25172
18202
24324
28807
27753
29424
3719
5421
47
24761
16151
13818
9610
31645
26315
2558
11105
15032
13535
1490
27890
8477
8618
31683
360
32539
15056
1843
2479
22719
32697
18237
4231
5529
25154
11416
12503
24003
16306
24254
30276
18464
26095
31821
11267
15842
30962
15021
3563
14159
19576
10483
4047
13764
1530
6661
12042
7930
6880
31231
603
23944
32498
4822
31732
27305
5903
1084
4557
9536
17441
29379
16446
6681
6736
12868
6861
8562
6262
28546
24389
30138
29651
7435
16136
10136
19459
10079
21157
4911
23340
13396
27565
15009
30332
29113
14531
10705
29395
14138
28659
18286
16828
32643
29509
14125
23202
31913
9105
12629
17473
19397
21908
29569
21082
3042
7492
11937
27563
23577
25441
5699
27678
1274
31053
29969
30529
20782
7965
27290
20214
22875
12272
13909
620
18248
26751
13282
2381
21570
31734
27796
7993
1726
27395
25133
29556
29503
20780
30440
219
1146
7269
5821
8733
3768
25314
1504
13863
12925
19242
30859
26848
21095
14957
22525
29719
8280
15639
22723
27833
1496
23973
17974
28744
27572
23991
10053
18056
9451
1383
8308
19324
203
31962
14117
13712
18520
25620
23062
3096
10989
7441
21292
25081
24102
31761
1647
10406
29948
21043
8789
12111
12850
1605
9539
8789
23025
12251
23633
7936
18095
26782
16206
12148
17749
18407
19972
17121
31904
15501
21180
30203
25543
14587
11781
16298
3167
25989
4018
22018
17276
19708
16674
24437
19994
14207
25796
17479
17595
10133
20185
13379
21073
11641
23420
13485
23133
1205
26080
19063
19033
12274
17626
5303
6740
1807
28831
27481
16604
27504
13774
22033
7712
5785
6577
28564
8790
14075
21440
2312
13147
20237
102
8633
5529
2719
28936
1805
23598
32364
15684
12474
9291
1518
31094
11574
8153
13174
13953
12912
13155
1659
11980
9917
11056
23602
17546
13845
19375
20064
13631
18303
16665
29805
9855
26314
12881
15033
28665
30334
31503
17459
18101
15890
20797
2599
11674
10335
22945
11863
20275
18005
28605
13134
9395
27117
9459
3825
3638
27998
15085
19287
16457
31380
7484
10714
10925
26334
7743
31854
15448
30439
31559
10546
10429
7911
27640
3141
4685
4890
16627
11227
15934
15474
21938
29328
13707
25993
22962
25596
30524
13273
13528
32647
8167
16687
2830
17790
10871
26973
9005
4711
11820
8239
13599
17554
15843
25505
25413
24561
19608
7759
25366
9257
15145
3629
6409
18665
29532
888
11189
21627
13348
3053
21047
16537
29472
24120
25045
24961
30565
6575
24289
17228
4477
11840
5343
29051
5295
168
31210
23763
30081
7910
24915
21355
12668
6384
16780
16131
25647
20900
4420
7575
11639
23553
32724
26676
19709
14487
3290
23563
5887
1852
17187
22980
9812
257
6863
20244
28586
20069
18095
24210
6675
3528
28914
14790
16576
7714
11009
24963
523
500
5287
16503
32699
28287
32373
21505
13444
23349
2917
22338
17102
9581
5565
9335
8376
7258
23350
16518
17755
2366
13406
17622
15187
2011
23355
7012
15484
17194
1329
16660
15097
27216
21541
581
31611
29134
25315
26023
9407
29944
28861
14673
26713
19368
28789
30222
10417
10291
32350
27896
16459
20892
445
29513
20043
19976
32117
109
11320
4466
21476
29276
28928
1184
520
27686
9532
30806
5606
719
3254
22729
25644
11358
10536
13654
16661
9521
23111
28788
16525
16275
16128
11240
16790
20881
15362
17720
18666
13577
19324
30305
28385
3587
31272
28364
25750
19268
13704
30847
21573
5409
20336
32145
8440
7826
23236
480
18787
3207
17795
25862
29196
26495
21508
136
23215
19286
24960
30289
17120
18782
2513
17247
498
12466
8313
27325
22040
12487
6374
19633
11978
2628
17397
32310
30314
16916
1716
13484
7976
2745
28268
6607
30499
22499
17887
7142
2000
20545
4046
3644
1184
4503
2750
11732
3293
31505
8700
24153
17621
29143
28639
13140
2619
21473
13645
6562
18378
3341
27264
13604
11307
622
19722
18104
18457
18407
3863
11880
22467
21497
3059
24034
15218
9690
9676
20264
25451
4551
12472
21385
13079
10138
3834
20176
8033
26527
25217
12987
3168
14756
30641
20143
11830
23119
19814
18345
28984
12981
24118
19576
11599
20007
3831
23082
10397
25167
26241
9412
11620
7549
29365
30774
14116
12091
32447
9613
31492
16167
32407
20587
20339
17922
21454
12468
14095
32004
20359
7307
4806
22386
5572
28285
16187
14963
17891
7163
8555
26400
3176
4110
26256
19162
508
7750
31558
10720
31670
8692
32236
22560
12442
7576
12365
29774
22623
28317
11391
22836
10102
26948
24844
14665
19527
28895
6224
6276
20926
24639
3874
6258
2822
22127
24247
19079
27796
15267
15810
31922
30312
4715
23776
13363
5007
26924
25140
19121
4845
32721
18510
24967
7481
30142
9298
8032
19529
5125
5974
27651
18320
2013
28427
7792
2533
8528
14752
20779
13445
27187
20707
20696
4956
10587
8362
22792
13952
9742
11377
4947
17663
16312
6212
3239
27866
11743
14560
5343
5201
31833
28437
15511
12385
6077
21102
25919
25740
32279
28436
5999
20440
26592
6896
4986
11034
32045
9744
20550
7284
27430
27212
23643
25629
28090
32297
21817
18016
8593
3837
26863
22248
12866
9812
5609
2362
14535
24211
7434
10883
24110
19163
23035
10388
5776
5680
30146
18987
2119
7643
10134
15476
29532
2828
30705
6607
11583
12228
14824
19924
1211
10994
11960
31380
8744
6109
1953
17186
14307
19649
14839
8019
5883
27837
22902
7361
31789
20716
27862
12566
10515
3283
28831
391
7576
4603
31807
17310
1455
14046
15705
6973
12101
9480
15713
6624
7283
29302
9574
17186
1529
27202
29742
14979
25064
18562
23176
32360
17054
28013
12766
21603
8695
19391
16650
19125
27842
5727
17258
29457
25202
28991
26167
15011
7446
10628
12306
849
21900
14568
1760
25153
14321
6236
18392
10139
23643
9713
9690
5008
14283
8696
16899
23707
6493
1896
12926
27398
1986
17281
27549
28081
4848
4271
16168
11279
28184
30897
26101
14705
26073
16890
18360
28039
1715
19544
29981
17955
1982
8403
2068
5697
19868
14552
24172
9797
6572
16535
25252
10627
14720
22697
22270
11524
19090
6902
22228
25479
26162
26326
559
29383
18883
14454
1942
9724
20263
3966
36
10660
18808
10480
20958
13443
6649
4179
3139
16873
4428
19474
29476
16691
28901
10527
11189
24212
8382
27099
16357
18710
27980
23610
27627
6619
25011
6946
27169
16553
4662
32533
12566
6566
27377
528
22494
4191
22218
6835
5293
29711
21157
21153
2469
24863
16599
7210
21483
25577
4317
11048
4352
14529
3919
21798
20047
19766
29199
15560
5890
26261
29894
19559
5146
4527
6545
17403
29375
16348
25079
24126
1236
13632
5151
20750
20431
11341
24639
11539
32200
21129
31320
24739
25807
658
31777
25058
6275
24415
9024
17454
14817
13512
16320
15546
31065
16713
26304
23160
32551
19715
15720
30013
11744
12803
28706
6176
29515
14791
10758
27427
7027
29694
8341
24597
23034
27280
1963
9910
32176
22238
431
11293
612
15435
24589
10583
29947
3067
18406
1361
23999
13787
3846
3575
9465
19169
25878
19614
9665
5269
7442
31135
25365
17872
11006
21317
4905
10435
10709
23530
29950
28220
32195
17244
9270
549
26259
32646
24359
2381
5739
22604
29486
27756
8375
27318
17221
5217
21859
26449
7384
15293
23629
4050
20181
31109
9466
14333
14083
26932
32392
19909
14740
5120
27619
11445
22269
32606
2108
16526
21509
1224
4023
15154
10268
22206
24676
25024
9711
22283
1905
13569
4665
8777
11934
30979
7388
29863
32240
24579
28720
19434
17834
23696
19099
27314
1145
24302
22114
8447
7663
441
13246
32243
21810
27082
26931
20186
24566
23903
11805
3943
9640
22133
17292
12096
32492
5241
20305
20670
2378
28960
27993
25837
25380
31892
27450
18651
25580
9424
25100
18447
9364
27725
8826
10327
27717
29662
10008
8903
21843
23512
248
28158
15985
16503
29304
15787
23585
21885
11357
23376
32367
25884
24870
15430
24287
13846
8858
14594
2724
7459
15780
18838
15634
15763
2144
27514
15958
15668
22134
5261
6757
28534
1959
22359
17458
15309
25765
7313
31012
17239
15912
5607
30919
2495
574
19964
25794
9569
15330
31151
23817
15023
12497
28317
11347
18131
4505
25318
6351
32150
28659
23093
11538
16000
28498
25594
3412
25920
25532
3834
11485
31055
21209
13834
30650
209
2890
2583
17588
31420
17979
32106
9091
17467
1852
29738
23358
27989
11852
24099
11542
16586
28727
7621
12100
829
10531
24688
21568
11672
15717
19439
29236
9901
31897
9538
24240
16409
15089
21664
29343
31342
5325
27324
2682
21649
4236
2888
22203
10848
4770
24759
4245
26264
22507
32072
26338
3062
27200
19776
14173
22941
17223
32374
26641
3768
4495
277
29969
4448
21468
1438
1642
31936
16063
7212
8790
23159
8298
22780
20402
2877
14019
8748
15538
8906
11191
2755
15828
15092
11217
24306
14610
535
19211
17818
20828
2233
11236
6925
26181
4718
7346
26905
15357
28154
7994
8259
24447
6326
3710
30288
6923
12597
22230
3594
3799
32038
29762
19520
16898
1660
11007
32271
16329
5069
11864
13408
5373
32760
10687
30898
16820
13579
24604
16154
29504
20068
21861
14727
6749
9750
13935
28747
12718
20878
29444
17367
18539
20854
15925
15302
9556
30937
26865
18206
5609
20360
19159
20946
15836
29629
11593
21387
31431
16127
27842
15271
12315
12869
17513
24194
3928
27998
30694
18421
12420
13712
20340
5917
3798
20352
6711
18270
15794
12369
10961
2727
27098
18960
560
6391
31458
30544
7337
6432
26852
18961
5451
1739
6774
16871
4973
14780
24281
11608
13962
29271
22643
14981
29775
3939
27519
31501
7409
20751
1284
24366
31172
19762
19971
27693
14858
30935
7925
12792
8712
27385
18293
17419
12384
15499
32313
14736
11674
10684
3398
30922
23044
22648
3684
20915
11708
26674
19408
11236
24331
12001
6450
19382
8948
18248
14542
29351
23565
21627
8446
24319
11150
7839
13792
28339
6312
27889
19276
27017
16920
16650
777
13949
19963
22369
23360
99
3044
4369
304
3535
32044
10972
15396
20530
14217
25968
1186
28229
21986
746
7142
19883
27490
15769
14223
24530
11468
7172
5527
13850
17422
17966
3208
8505
536
16408
27629
24542
25326
11656
16647
8340
6140
777
21442
23273
3243
18483
28647
17360
6449
20268
20115
24901
22445
1391
13288
303
20339
16844
5378
6026
27300
13232
23085
18373
27139
22439
4437
7529
19203
5407
9406
14332
21541
26991
27125
28197
15232
17432
7430
11281
7073
30794
7151
4372
10902
26538
30293
4244
26438
19026
9590
6691
12548
14361
95
3307
32099
22293
16478
31311
8267
21343
10683
31695
23116
1046
11427
8236
8499
24999
4709
13261
22235
12619
2785
26722
25158
2513
11836
8135
24300
5533
18137
24107
22099
13809
30597
10097
14304
27499
4594
19414
749
10191
12647
26581
22300
27911
28085
6984
24298
23912
14957
15311
18567
8503
18000
1653
16613
17772
28423
5265
9486
30645
7445
6123
23996
17342
7177
8736
6435
13744
17144
31560
22290
1528
298
19413
31546
12873
8980
7614
22989
10212
25478
30942
29260
25367
7462
7831
19610
10243
12317
10426
11348
14499
28688
4011
3685
11274
11858
23488
9428
19180
13400
1515
17633
5472
17005
19353
31569
21988
26278
31193
15110
26018
16409
29633
22994
1522
586
30733
20365
29471
19686
27146
27493
5230
11188
8627
29558
27996
21192
1817
25243
13352
27386
32008
14467
12689
662
24295
4103
19937
30293
5600
28602
28458
26252
2369
2242
3280
3236
28194
22503
7239
1226
14921
23786
15134
24551
15946
23576
14909
4563
10994
24094
28267
4038
1510
25119
27155
13071
20872
30212
1095
13320
27674
10516
20741
20809
27174
3268
28345
30492
28701
14288
19716
31537
20286
32650
20668
16531
27065
23410
31028
22491
8725
9992
27325
28580
22991
13790
620
10558
17220
28145
22302
9639
2768
23609
19386
24246
6968
30591
5814
8346
325
1391
25309
14211
12978
21998
27983
9631
15433
18606
17609
30024
6984
20735
3622
31612
17929
27624
29222
7821
10210
15478
6255
29977
5195
16980
21457
20797
30014
24220
25550
3078
14564
6893
28506
9512
17005
26302
7391
2803
25151
16113
27524
7810
6484
29611
12719
18486
11229
100
25800
12387
18220
10810
3649
28744
16080
22667
4563
20293
9474
23490
10506
24648
16960
5745
14339
5001
12343
15521
24437
4215
7142
7526
28654
27633
29441
10934
8799
3770
147
13178
14811
24615
15592
998
29340
2331
21674
24582
25159
25397
11082
3226
11632
26696
23713
23076
13921
13836
472
26175
10519
31251
15749
1842
2190
23038
21270
5573
8511
11248
19827
2388
1254
4931
30943
6689
29576
21882
13343
24046
21941
31607
23775
4812
11275
4847
23377
3118
6139
9242
4375
30273
25040
12207
12131
25472
8172
18703
14429
22659
25429
8384
12229
18967
3441
4894
16089
16788
13070
3917
20345
7019
12453
27250
25225
5119
21472
29475
9623
5814
15961
22812
3005
847
26021
15667
28105
23926
21649
32142
30108
6805
4523
4627
22736
494
20229
3360
9886
21223
18229
5244
11518
9636
27552
26254
14607
14811
18425
16333
14010
10212
16132
13432
29586
10256
1184
21127
2303
25660
30980
8161
12700
1958
18761
18639
3549
255
31017
4785
7157
10945
14854
26352
26359
19906
13101
2611
12603
12810
8029
21462
7683
12769
25475
31128
7774
813
712
17299
9549
11003
5069
15474
26405
20316
6965
12766
10292
23410
28517
6457
24231
10698
2439
11407
11179
10476
26581
21449
28627
11825
25876
11812
32442
27349
10590
20450
13801
14157
6181
2112
31483
10459
24437
17319
25855
9567
3193
24102
5405
26992
18753
31264
637
13483
10178
12098
15716
4171
7711
9656
28064
25595
6183
29089
4135
19688
16926
17088
14331
27417
28864
15476
22096
6403
19075
2538
19953
16728
5661
657
21984
18209
21062
29390
28476
13324
31423
23794
29288
8455
7827
18025
30570
3341
11165
25907
7569
5696
4938
16793
30299
18745
11424
8216
6037
31388
30591
18338
6340
24303
9511
30726
32708
21676
2555
9388
24751
5268
23685
18309
13569
15431
26041
24642
11769
26386
1662
29636
1602
18696
13930
8148
5842
84
24525
5909
13075
4301
15602
6454
4160
15819
6817
15212
15378
13881
9192
5408
26269
18156
6940
9445
884
1843
9242
428
1556
13232
978
11323
15744
11110
30983
5339
4904
17170
4688
10577
12559
25279
9571
32528
21293
8597
19346
28077
18451
21490
1942
11667
25805
16316
30860
20216
28684
27381
15933
7440
18565
14479
29346
16768
19092
18306
23720
15381
14629
18461
16432
694
11732
15257
28506
23959
21587
20980
259
21424
29964
23037
20620
15214
4872
30635
10973
17320
8464
5298
19626
2260
4626
16216
5621
2683
18630
27525
5845
5354
10896
18970
22901
29483
22953
10884
3423
32051
23162
6801
30715
22109
10312
14466
20050
28695
32022
27489
23576
9435
20679
30101
7146
32610
21380
5555
9428
532
26461
10647
4374
706
23859
1972
16936
28311
30933
680
9723
2636
105
19219
24962
668
23310
9130
1137
24824
703
7047
10821
14459
19834
17091
11396
7968
20898
3399
19014
18227
27043
22495
26868
19717
6868
17297
21072
3300
25505
23340
5045
5450
13545
14115
25248
2389
6821
5020
10864
1911
22475
3269
10090
26735
31090
30055
13056
27256
9526
31677
9555
7360
9950
4230
28662
7963
316
17497
22005
2553
1621
3897
25878
4758
15042
13929
5214
16240
2134
17537
11223
16638
1025
18370
22929
17055
19188
19111
6119
18385
15110
15036
18691
27043
2647
12723
11173
2157
563
21685
3359
17854
24889
15862
23717
23190
10428
9356
963
7637
22889
13953
10287
20212
25386
22823
15041
30963
19531
17323
30656
402
21468
10221
15455
14532
4950
23951
21895
31841
25473
17229
11223
17435
2196
19084
28906
10675
27038
24885
12760
16749
22310
11715
29439
22209
9486
20891
14595
24915
7102
9628
8979
17957
1150
9464
31342
14603
21794
31298
23334
21088
16109
25288
23076
11512
9392
23586
19565
8277
15410
20491
5028
27422
24276
12912
5071
25036
19829
17863
13918
30119
27540
31138
7785
10225
13748
6020
29241
15713
30469
12787
24074
17875
576
2510
13327
19517
29139
24033
19895
17125
13118
22711
4655
32721
25021
4271
17960
23935
13351
20050
2266
21463
534
3300
8776
7518
9288
26937
1734
15532
13381
29387
13241
30240
28482
4873
18847
4562
16454
32497
1871
31177
13707
26336
2689
2159
25895
22697
31120
6977
1259
2021
31359
15819
14732
28811
6971
212
24832
1985
3871
20950
23595
28401
26045
26289
7099
23838
7900
4511
29777
12921
16317
4459
32225
27183
19875
12766
603
24198
20881
20603
16267
4904
18774
6508
62
31166
10695
4283
20646
25793
22092
15301
20991
7309
12702
32492
29043
19128
11214
909
1595
12193
29066
14898
6920
22092
8348
19720
26273
14957
9651
5779
14285
5314
10086
28832
22643
16806
8822
28539
11264
30180
6995
23907
3337
13769
2274
2619
11826
17021
23678
17282
590
29075
19261
2181
28615
8926
15476
20179
21312
18566
381
27378
5498
13660
15031
29008
22644
9579
3535
9084
32727
13519
4414
15766
6288
14539
4371
14341
25535
12053
4339
20839
2256
14196
12126
29902
13031
19341
20019
20521
7554
10490
9335
12032
21594
8605
7506
28005
10890
17972
10330
5927
11506
7981
24341
1864
5086
26555
9144
7089
30691
32553
7477
20773
19978
1135
13429
23412
28465
20483
30434
3569
11949
16369
553
10277
17460
2606
23870
23237
3323
2345
25248
6370
26651
13988
8158
2400
12857
18626
20058
11433
9318
9569
18765
2722
6724
8105
9483
31967
874
13285
19337
26899
1034
13714
16924
32714
2257
9142
31875
21338
21007
6004
24872
23318
14872
220
25251
14022
15082
9736
21120
18004
30480
6244
20802
27080
18886
5197
32679
32118
8797
32478
21806
26230
12001
30214
16343
17237
6650
9950
28970
5386
24592
24122
31866
29740
32690
1919
10859
9826
2361
3508
9650
10266
20904
21211
25884
32382
19671
12673
30418
26019
21201
15508
4315
12036
21626
12661
2786
25648
17269
20558
9530
447
12612
3750
16671
24202
27057
22578
28223
4892
3181
20974
29049
30051
27128
21357
10468
31915
10176
2669
28947
8654
28557
31919
28567
4004
11804
23558
26310
14273
9482
24749
30395
8032
21493
7645
28574
30874
31965
1183
6438
23516
18384
2272
4955
13719
18886
7363
13473
15417
29386
30267
2290
605
10074
21208
22123
31038
2321
11745
19210
30578
12931
7332
14262
6101
27241
17674
31871
1219
4606
8814
2600
906
21160
3247
7394
21534
20187
13700
5211
14607
23098
4112
3319
15289
32000
22199
7773
187
18079
9007
25398
16554
13223
19674
11825
14598
10984
339
4171
10604
21979
19271
5197
12558
22590
31622
21398
8289
11007
10329
18458
4885
7771
14103
32683
26186
18247
9203
5240
24321
23567
31768
3795
5328
17469
15864
5175
29915
24508
5088
1929
28927
18749
7376
32414
12112
6106
14219
12542
19910
25593
1002
17383
3635
4980
3701
6037
32376
12535
23092
31169
28921
21161
15555
24936
22862
21518
16549
6093
24892
26412
474
29377
18915
16620
14516
1058
27960
25796
26342
25250
29622
21395
23262
28617
4689
8652
32085
16190
25772
14551
7460
834
14219
18356
11609
8829
22411
9954
10634
23293
14353
13183
5225
5756
1664
26032
17561
21473
32175
9795
29632
18954
3482
10131
17374
10185
11095
17836
11997
5420
23884
12720
5225
23042
22432
27770
23041
19866
15599
21632
20814
29646
22338
19198
22708
27456
23870
13393
27176
4324
6043
22432
3137
31935
31448
25026
22929
15342
2349
3932
4661
27625
4290
16970
27563
6921
6686
1601
4836
4680
6882
18610
5274
27721
16567
18417
8164
7576
26757
32150
22280
21042
5606
2084
8848
17480
32474
22504
15008
28736
32700
8996
23174
18941
2932
25965
21139
22368
27631
28242
27689
21518
26316
17214
21526
17012
6744
22688
32544
3593
9917
26184
15585
8915
30582
23316
27862
7725
16646
13261
2482
31943
1770
14668
32504
27118
15820
27105
31944
5134
24057
4597
15865
10869
31253
22509
29801
26713
11790
16210
20369
20765
31310
26415
20829
464
24373
1979
25914
15351
19654
29496
28016
3468
15008
7707
15026
14918
31792
29293
8691
18971
9510
29297
9340
24836
4645
28295
24124
17408
27071
21072
11871
12123
10656
19731
20002
25136
5129
22880
18917
813
4481
26611
4225
17046
23239
12762
3293
23948
32522
30171
32188
26256
6748
9488
32729
30531
20581
17108
32310
12143
24404
31715
31921
9547
24347
14524
28888
11003
220
12106
7422
3415
25246
14276
8591
12269
19269
26834
14496
10825
25281
16113
20426
19060
14981
21272
29753
8378
14907
25756
17664
30896
17590
14929
24495
25462
10536
7922
31528
14138
13461
31938
9390
10237
30599
23668
21311
23962
5124
19272
17700
11012
10173
27768
23494
19151
9864
14802
27075
17650
14608
14246
10049
25035
29643
8162
16515
20067
31277
18556
12986
22004
25116
18704
27421
21672
27555
9163
23611
18340
24810
30087
32144
7749
12902
28983
26967
12457
9037
10886
3232
32626
6733
29627
7586
8390
27261
21216
19538
32410
10388
21027
24885
18993
24665
12156
15986
18655
15962
12176
30507
24083
481
6102
28941
30357
19236
5112
17446
14603
6588
2684
19703
8130
3928
9379
9419
24491
19123
3473
29767
16548
28355
11439
21569
19193
10804
24398
12502
28203
21268
30093
25270
1264
27344
30332
29379
23162
7775
28545
15323
5372
5821
21243
24305
10603
11675
10790
15715
15490
23125
7743
28039
5384
27428
7400
23943
853
24213
7117
6256
25107
28985
16264
24965
5186
13214
27074
6617
9342
15487
29339
9245
27013
19256
4428
15030
21492
28284
14347
27667
18769
842
26416
12605
12366
8221
15253
21167
4684
16484
15426
3945
30239
17457
11082
14912
22545
6197
24048
16760
25385
6636
24590
21652
20397
3093
26296
7277
2789
12133
22044
14722
3106
21372
24236
31887
31487
29720
30080
3425
2791
13961
11253
29672
12247
23397
10907
14222
4197
30844
21326
2247
22786
3854
20130
10473
21628
21052
2181
1087
28103
12733
24607
12888
32508
31954
3837
20645
4514
12668
2927
27460
29741
19436
27182
26646
18628
10811
834
10263
28999
22619
24099
21231
31889
22606
10527
196
30970
14997
16379
13907
20512
6892
1501
26431
4072
21812
5738
29352
17599
1713
4651
19968
18726
12149
2613
21018
11885
2076
20233
24196
8894
24506
9913
18199
30814
5650
11852
16332
12848
1545
27236
15058
14715
29786
19230
27869
8428
22154
10042
27584
6367
1567
29308
6974
30938
13325
13137
23581
602
12401
31670
12669
16595
23169
26966
20584
10994
19651
28914
19882
26917
6526
30982
24035
25949
11119
1962
23514
2067
7868
1974
2324
18057
9774
26921
15526
26194
20634
8396
29767
6676
17056
19218
31657
23437
14488
30275
7690
9940
25802
22489
5638
31457
32221
28971
12207
17232
4499
26440
20703
3938
28595
4646
23501
14917
16710
1788
8159
26773
8197
8684
19647
32546
16915
21221
7089
30452
3560
12744
8996
12940
10893
7625
2182
14445
24591
27673
1117
30427
23598
27074
27796
29923
12117
13522
14610
5275
5583
12475
13970
19115
24887
6650
23470
28428
5680
31991
29756
2832
4695
5164
5854
18595
20086
20874
6357
26320
4347
5912
29718
22407
9384
25310
21408
27293
26507
29185
14860
10772
17969
7983
30310
19357
30487
61
23355
23387
2657
1807
27635
1002
8654
10681
29793
6048
25836
21987
16025
16146
1416
13170
23298
28890
26729
31333
11948
5784
17982
24572
15331
823
22740
24352
22788
7794
26764
24575
18831
27030
19981
759
28030
16777
15414
4789
31445
523
26198
24990
30075
28220
22176
5741
22856
606
2265
11294
10847
4829
7508
10508
24510
23692
14368
20822
23571
27186
24704
22662
26833
29509
29851
22133
26500
6133
1397
873
11618
7789
12062
32641
15650
5461
16682
10579
21265
32667
19296
18387
30562
28019
25271
2935
2757
9884
12926
10904
316
18917
11738
7452
16170
1521
30069
15186
19629
20279
17781
17437
21294
14156
32683
3669
6455
18789
9741
26986
28804
4120
22887
29002
19036
10338
12365
22917
26146
1518
31316
29615
20007
19604
17282
29959
5826
25377
11266
16213
5027
9046
26652
12569
30564
19251
31845
16609
4449
4981
2611
26619
7626
3933
16468
8268
23542
14771
17408
31104
24314
21259
9739
2404
19579
30023
14431
15247
32192
93
22442
17480
14091
17498
32084
15012
26922
3239
11700
7663
12617
28811
5763
19021
2826
3314
29073
8353
26840
2925
32694
26030
9848
6777
12300
7293
2528
15108
18267
24574
17997
1837
7125
32753
13712
22092
14596
25863
15272
25138
0
69
2198
20914
6117
18858
11373
19552
17028
4625
12713
31640
26969
11353
12737
7362
30398
12738
6144
2261
20317
26010
1680
21786
32747
31770
4568
28979
29460
18571
17928
26203
17329
5804
10993
7151
32577
13144
14875
17710
27799
26724
31505
23613
10960
28615
14848
20077
15496
8701
3200
15809
21326
25517
6322
31659
28500
5769
21131
8471
10091
4469
9071
26538
11567
25580
12290
10316
24959
26784
12347
8932
3377
27489
3514
29538
4611
26176
15451
22531
10196
6644
267
11472
31252
1405
6874
16489
14713
263
594
26112
30195
16
13063
26792
21731
16077
13168
17360
30600
24266
20213
17674
9657
14034
13897
31506
4314
23054
31226
5643
17161
6768
4935
7435
3736
2643
28465
7386
4544
16731
12245
13303
8851
26787
6136
8156
14131
21015
21732
12163
7746
7966
6771
16169
7065
14973
17769
8530
15677
10616
30726
6413
31886
30777
25820
18809
32706
17782
15327
16008
3986
12623
28091
29443
5427
13173
14698
30671
13448
7313
14341
8302
22166
18148
23258
22728
14392
14890
4032
2092
20756
18117
32679
9618
9933
23575
7027
24867
24699
7728
27403
1787
11864
32425
21164
32557
22971
23759
17028
3847
4427
28933
1148
16280
17772
1891
7253
3440
10494
19875
28150
17831
10823
14398
7684
13345
30765
17106
24756
1807
26537
4039
10973
3001
19832
11058
31058
10364
8212
29945
8814
14350
30178
30265
26096
10762
13229
9700
12041
3240
32595
24751
15540
25547
19134
6187
9286
28994
2838
32049
25158
21063
28725
10628
28030
5708
12380
3250
82
13048
15396
8251
3153
31084
28343
9973
3082
28874
3647
31663
10017
14840
12447
13077
23714
24737
22626
5332
10132
15741
24048
12286
20946
19923
30984
3759
26902
9276
32362
19697
2647
22185
9684
5853
30549
3495
27696
20995
10866
6370
26124
30220
23747
11496
5706
22686
12903
11824
7449
28800
279
11611
21284
21503
25855
30905
9481
30352
6092
26383
17164
27062
15879
16280
30989
9510
7841
25417
17079
6698
30927
7001
28667
5699
27672
12545
28092
14610
9899
12929
1740
376
19959
2403
12568
13821
21878
17923
15135
11374
14281
17487
28073
13514
17930
3532
30133
11104
350
7386
10931
30257
13001
25912
1267
29083
13639
17866
22622
4153
9752
18330
10084
12805
28507
19998
8757
30399
24798
7353
9780
3987
19253
21891
20904
21494
20745
21837
32693
7633
25267
4320
16524
12513
6153
22406
8670
12637
23672
7884
23446
28122
8532
15237
13511
109
2667
11282
13539
2831
18656
22497
29999
4933
6199
26676
9843
16640
4524
7716
7926
1217
18889
18917
1193
26882
27703
18251
26531
4818
18901
9101
24781
13759
3335
20554
2271
32504
2129
1993
23435
15283
21284
18053
23287
16077
10487
32233
1905
18864
16026
25688
32607
31866
455
1648
23412
4444
30459
32144
6954
26431
10627
28567
13676
8110
25050
15343
8594
21488
5682
31179
27795
9588
18769
11180
11894
11635
19358
19498
29706
4048
4732
6129
28887
13635
6614
14602
3412
28854
1019
14172
9563
5103
27565
21106
2777
14192
7284
10366
8394
14747
9529
20126
8805
14618
30991
15967
27283
3710
4692
15488
20390
2342
19449
7416
26440
29539
25886
2105
18097
8665
25314
9655
4894
4649
17529
20388
30334
23757
15743
13310
19566
32323
27275
1740
7015
15213
13320
10661
11830
9528
21312
27761
25005
32636
11706
19316
31385
3875
31430
20104
6132
5006
26454
28073
5467
28468
11279
7863
29122
17292
18848
28792
3686
1070
24403
22237
23043
17717
20449
3206
15431
18663
10379
11655
21895
4248
32358
28525
26290
29899
13815
6780
30083
2203
26879
10299
250
19545
24216
11059
23052
29559
18817
25587
29850
16804
16567
10071
17568
17209
9797
31242
31663
25812
28764
1354
15005
11842
2214
18667
2939
9379
13784
11935
14279
6088
17287
25204
20195
24288
23612
5278
28870
18516
18890
2167
12530
16623
4063
5316
9637
30274
5338
31034
30548
30791
19676
11585
1109
7748
6946
3063
27868
13042
23954
376
6952
11231
22163
7517
7166
28689
26914
11906
23383
29164
23331
19469
6486
8278
4596
28587
11132
29464
32072
1309
24095
5767
9267
4852
2584
31333
2177
24728
12989
18434
21580
15759
16399
934
1486
19964
10548
23859
3443
102
8999
29703
4658
4283
10158
4640
20510
15509
26764
8835
17720
3259
760
26334
8328
22507
1871
12396
10092
25303
10502
8217
1327
16749
10978
12775
14557
23899
23403
6032
5462
17875
13726
9837
1954
11403
31202
23702
6020
13321
21309
16715
22098
29469
23752
9362
12291
20911
7008
546
21130
8890
16287
2944
8035
8089
17418
7528
23403
10370
15244
9326
4340
28240
25636
13541
22553
27013
20954
23040
31055
17039
17911
24631
7741
3914
1653
7916
1230
2503
18869
1359
26756
9292
2672
28287
5647
7835
22512
242
23838
119
30336
7446
21621
7525
25633
7992
9279
1456
5502
30886
19110
2223
32546
25616
3746
11338
16105
14644
5390
15803
31156
9147
19457
24466
16737
16733
8283
14588
5883
27468
12702
10820
23853
11984
30720
10906
20221
14638
4286
13076
20151
15055
9394
23282
8486
1438
7464
2342
26890
27314
6894
24340
30407
6957
25514
16534
16475
4196
14704
7491
5522
16192
20628
24305
25725
6884
22461
8568
8736
10895
17979
6073
11115
14020
25755
16863
12908
20905
17272
22757
3010
16046
5268
4953
28757
32110
6695
10079
1860
31706
8310
11768
19487
13204
13736
19332
9559
13977
5077
16774
16114
28451
29025
19880
32131
5838
11144
31231
7514
10489
32569
17039
20984
21615
17448
13330
31174
12359
24095
26613
14854
14344
22676
420
5897
21265
24705
4359
23714
27448
4208
32332
27356
22194
17109
25320
15080
6451
24225
29656
12377
16469
21012
24877
2708
24382
12243
20167
2689
28029
8762
19041
8327
3382
10483
25294
14008
31871
21704
17537
27464
13833
30133
32595
20292
1283
28482
22913
32128
4155
10000
21492
7634
8327
16817
17350
10365
9827
8636
9473
32240
17115
23841
2730
9905
22444
7355
20478
20372
25254
6692
28411
22064
10324
12237
8226
31123
29151
12110
10108
821
25136
29178
29403
31787
9813
22455
28002
17053
1318
10253
11335
4986
4648
2428
22744
23658
1969
787
31676
27141
3149
15422
3452
17986
26465
28384
28738
23346
26894
16289
14048
11758
2392
28810
23827
17870
648
8655
21769
5083
27342
5355
3618
28295
4395
9714
22772
30108
8590
28451
19601
29299
21566
19133
4364
2150
11383
10005
13113
18823
2648
24804
26037
915
5117
6117
21286
22817
14824
12704
26052
31519
23205
32384
10265
5759
18861
13612
8964
18990
15756
14356
23812
14662
26943
22858
24243
3460
17632
4244
24721
32252
18821
22463
1539
11787
9317
8502
18844
30862
9532
7379
32410
31569
27633
16116
2996
30411
6518
15826
17171
22024
2033
30990
31646
29414
19993
32653
20346
27268
4578
10118
9169
5624
28252
27865
24019
31552
28888
2467
26875
19067
29006
32015
29332
15194
18939
29807
32379
24273
12878
19083
14630
14610
16645
4408
10981
14267
22932
22829
12392
22606
2246
11283
23682
4835
5286
27867
10028
23833
17312
4692
3533
22866
7908
28669
2233
1568
13323
280
31223
506
6653
27135
31047
14132
15634
9147
8547
1070
13943
1491
17030
13259
13012
8802
7723
23076
11307
10348
4119
27006
31492
16498
18585
4986
711
5956
31761
19084
32105
2839
11183
30638
10826
11991
27517
14422
25694
6079
18848
14501
25484
10534
15067
32225
11603
21148
12372
13605
30899
29749
15003
23127
2379
23845
24040
19291
17855
6285
31652
7046
3420
31893
29995
15190
4351
12219
27601
18528
13106
6251
16931
6537
13209
27343
17007
23417
10637
18664
3718
20813
4614
10462
15552
3468
29886
30100
17985
14173
25747
7552
10875
12279
24365
954
27636
11352
20450
1874
19017
5946
14806
5351
23924
20291
19815
30325
30282
5500
27848
21871
26695
16388
25579
8974
8334
1286
22437
23272
11820
29160
12301
21444
8093
25285
549
4781
22929
3614
15548
21573
19184
30924
7314
16476
8731
26169
11198
31681
26485
6352
20557
3160
8482
30386
11820
17261
25614
26283
24648
8776
30257
31076
19699
27906
26130
13018
6538
24471
15242
2062
340
14651
9675
25855
5038
4594
19104
20181
7525
11867
6903
30303
16740
17868
20636
20159
1167
28324
31047
31844
20718
9437
13017
12345
13326
7905
31971
17180
23716
25759
17256
9618
7028
23773
1764
30649
27505
17616
17804
23934
17702
17898
2520
25359
16724
7667
16959
1428
20189
3419
17985
13338
32736
32719
11435
23759
12838
8970
22295
23157
5821
24558
22194
22033
23778
27091
3650
28899
1061
22559
13671
19099
6599
32278
8480
14282
25959
29940
30098
15511
18653
3129
9477
8115
22375
5189
24624
10639
26627
14116
23478
25548
10011
21419
3824
27891
27495
3780
20461
13414
21008
3846
28855
12950
26129
5769
16856
29047
22243
28408
7709
31025
601
23527
25498
29977
21961
1895
32238
9439
19052
7384
26057
28168
263
1535
14763
8607
16587
32345
21486
18984
23930
28846
518
5590
18636
21224
16648
12542
21265
29734
9065
9418
24343
28941
17416
3634
3406
16990
27247
16680
8746
6606
17494
11283
11209
274
22633
3967
10966
28473
5708
24083
17069
18494
10203
22723
13504
31454
26550
15175
11065
12455
8445
3275
5857
17490
31832
26856
9280
29266
15931
21715
3078
30637
14952
29908
17065
4875
8373
13818
19280
7180
1807
16398
12784
9439
21695
17349
28852
23057
29420
31033
17571
5282
26209
25242
13693
21086
13969
10017
21733
2154
17880
6726
30917
1054
32516
17203
29935
19986
31764
30840
6144
17276
2624
25600
28554
22969
12089
836
6002
16425
5041
30654
6294
21568
30494
15265
6835
7130
4283
3783
28039
14799
464
12267
11570
4296
15668
13848
1506
2129
2064
7777
23215
10287
30693
25043
21444
32243
4561
10152
6080
207
28430
26557
13404
26537
2747
4423
31309
9582
7391
2497
20588
32681
9899
6185
16916
29524
5119
4203
19659
23533
5680
21278
12581
4301
7177
30062
19174
27830
2831
9561
13415
29611
7689
7711
14651
2820
3264
16627
23569
30657
24836
9719
29660
5919
7407
14695
9266
1385
5742
14612
13554
10001
11260
9749
3370
18431
14001
32441
21816
17705
23932
21696
1071
29796
11693
5066
23676
15993
7350
3087
7113
8060
22322
5457
25121
345
294
24079
5205
9392
19335
15100
15775
3043
765
2735
13446
7277
31719
412
1793
27253
32671
29251
29151
25250
7935
26023
26470
17970
3620
6146
26939
11590
28017
11703
14722
896
9175
13448
10053
13008
11860
17673
31258
28811
2234
22612
16640
24766
5042
9727
2187
961
7168
7755
15425
8719
26377
21662
14147
10836
26770
28212
18480
13768
1482
26897
11334
9916
2443
20282
17866
5490
11741
10788
4522
32562
24252
19053
8290
27546
6683
14282
5660
31798
4392
23873
30235
6737
28370
17816
15705
14090
26504
31757
4207
20906
30276
25927
182
14388
27337
9357
11436
13886
11561
24886
16281
9728
23177
96
5234
6059
7976
9957
32765
764
29086
6027
1590
14096
4962
16763
32498
31866
31375
4853
28098
7571
2280
25665
4378
18705
13337
3817
27826
731
832
1317
21293
5916
1451
32151
13049
17302
9955
1848
10870
2874
1002
6547
10074
26613
9666
30001
5460
20172
17710
26708
24559
14891
31677
19432
19386
11898
1539
19638
27302
27890
31530
21723
12207
18607
7594
10616
26046
20998
10580
4268
3534
19480
17045
5055
26702
8359
27385
12704
11719
17961
7918
5522
15039
19483
203
9762
13021
408
13584
92
24398
27178
21487
13118
19558
29920
5132
20333
27275
10657
4738
7975
13903
16575
23590
6777
11228
22735
7183
27570
2453
16057
4950
6167
9722
31755
15898
8408
23756
8083
18887
12355
22386
29740
16536
10040
13468
6616
3675
7901
21286
13583
17013
12946
17471
10327
13093
9768
10442
3093
26125
15437
32260
22691
25070
20811
7528
30370
19891
3571
29648
10642
177
18131
13276
2208
26669
23472
1943
31166
26142
11056
1368
25337
3381
28374
27623
1543
24091
4915
27105
14880
27130
24667
29790
30736
32318
1687
28880
27785
15773
25433
13871
1213
19028
4725
10579
10540
26036
8077
30881
6843
10462
27597
15081
9735
15051
7129
30095
8440
10127
8708
19945
26265
15582
14531
27113
17703
4047
24929
17404
4712
4064
15092
30257
23101
19258
17807
16542
23419
18487
26041
20224
18167
6178
15390
417
29920
1854
9605
15743
1106
3593
30466
1962
6439
26561
19053
28654
11281
29224
28434
3762
8422
14981
21162
6688
5946
23531
30347
22150
10547
4797
17691
26108
3225
10610
23434
15176
18989
8854
7105
13310
32572
17425
6805
7660
23923
26540
15937
11188
23797
13521
8467
7355
21675
10130
3173
7234
27867
2286
8143
7123
8189
15439
30875
11487
15818
1622
28025
7589
9365
12507
12916
23893
9438
12336
31013
27510
17189
11686
24871
22149
19452
6995
19659
3551
28256
13586
28172
2785
20553
4810
8133
5453
20864
12276
24353
9967
28849
3159
31059
12929
1729
18966
16776
20941
19553
27885
25370
7953
24036
7864
9223
15783
12621
7477
11169
21989
12973
13578
8583
2115
31404
28170
14547
7099
21349
19636
31637
27510
32631
19708
27265
22436
30552
31311
17636
15788
4333
18641
3293
15237
17752
5097
7113
16995
2322
26111
23295
15511
27193
28036
29886
19120
26923
17203
4451
23527
16211
26007
29919
9658
2115
3534
4201
16086
259
16780
23664
24890
20905
18019
3796
6042
5418
23105
341
23041
4976
21818
23628
23995
25005
6279
22937
7282
23790
28367
13276
22167
13043
16806
5608
5380
27966
18516
7796
28127
12906
5079
19476
4289
12734
7211
25960
24087
27906
13000
12691
3529
21649
32365
5359
10522
27056
25628
26112
23504
23326
357
3750
24724
20461
7144
19862
3227
21647
10774
11274
16006
7732
22839
31672
13447
6228
13489
28929
3526
28807
21127
11628
31491
5277
10528
20050
25212
22251
29258
21467
31505
11491
16254
29737
8870
15336
9062
11986
29641
10336
5276
13460
24212
23306
28085
30532
18645
12433
11902
30216
31085
18274
25221
6598
21238
24507
20699
13788
8617
517
22809
274
126
24420
8609
6860
6548
8332
31526
28805
17876
5846
7535
6008
20434
915
8535
28320
24051
27040
23577
7395
18389
7483
32714
16267
23275
1556
9511
23797
21096
18343
8849
28557
1631
17354
21590
7418
5672
11138
14898
28053
4613
4635
3606
6176
26629
13944
14375
13749
6185
30375
17418
29180
29638
8632
15199
2977
27690
7120
2443
14597
13442
2169
19643
17716
15100
28476
14374
31000
15656
3698
27538
9452
31652
20567
25625
24050
20728
5728
27181
17513
12223
20175
8410
26042
19464
2180
6731
3826
29691
30998
5520
9076
23488
10530
18846
19440
24732
15075
24983
4495
1885
32515
3660
14704
14841
19377
20737
29784
2162
18932
25456
13989
28924
11583
24848
19588
29538
2373
5526
32356
29606
14862
5308
22955
12264
4683
32578
29095
19848
17383
6451
11463
16783
14046
5482
29195
6219
16978
14932
19129
24634
31708
17400
19538
15402
4384
10036
24260
24733
24484
6729
13025
114
16098
1690
32016
27842
12443
18352
18498
27657
27503
23426
29992
3206
29611
26611
14756
30180
13922
14749
13437
32281
23231
8141
26966
1423
15769
18894
14561
24193
19272
2411
10576
17321
11191
7855
4876
8728
29883
28911
1450
14949
22179
22795
31003
23817
30481
24816
7970
17930
28168
7265
26891
23511
6469
32504
5531
21875
14803
21351
23363
3030
4058
14340
664
31377
26808
17541
1288
13232
21330
15623
965
19172
28332
30294
11014
31714
1720
20328
21871
4102
29548
25642
973
18236
28183
23936
32007
18464
20725
646
10834
23396
29953
28445
931
30322
8714
5027
8298
22867
17673
25089
16509
17360
24754
19435
24914
1495
27721
30307
13170
28448
5303
18047
1066
25103
5085
11117
28548
3549
4648
18868
28278
5107
18022
27580
5464
7318
18392
23441
5787
7881
18056
2532
23993
24431
7644
9811
22120
27569
30060
3306
13331
4767
25617
11497
19850
8730
18750
19655
24825
27377
20628
20344
21527
20554
21424
24300
17567
26180
3656
8152
32004
25562
22646
21176
8545
27659
23379
1557
10414
29239
29640
15875
30266
15821
14241
13551
10069
20771
20707
6551
26957
14245
9056
28250
27549
32562
28808
28082
16992
24771
28034
6143
19724
23630
32636
20102
30044
19434
4671
8121
23182
12851
15622
10425
15567
18416
10640
12313
15604
3315
29044
24037
17514
24641
26037
13538
10608
25459
29846
12568
25475
11612
8623
12174
25626
4076
17473
853
26516
30036
32711
23495
21103
6251
10957
24593
28346
7249
6149
9199
7629
18258
30104
22967
21047
25869
14010
26009
26104
5077
15233
13861
8433
343
10999
1549
920
23165
13166
27437
10736
29331
9491
22216
23225
26025
6854
27413
5859
14904
9513
18938
15689
17928
11255
16663
5788
23120
31128
30470
23965
31520
9458
32225
6032
9724
19841
28421
20717
27593
23978
29718
4696
25070
18252
24900
8659
11955
28313
17612
25651
13548
14116
4033
29392
8924
26426
15372
14721
26708
21878
5042
12488
22555
5264
32085
2121
30866
4470
29182
21889
18328
22430
25
6836
30124
28570
32705
14887
23633
3053
23614
10640
13239
30749
5836
31179
19351
32265
26270
1742
19295
13693
6691
25567
15759
29188
7560
22533
27235
17149
19070
32444
17842
14833
25917
24812
29718
27428
27337
6684
11085
23658
5236
24035
29151
22076
13476
29088
513
19211
20694
28267
21434
18644
7395
24396
4676
10485
15234
4010
181
29247
26639
7686
4575
8524
28043
9961
14196
19219
3811
7194
11374
19897
17525
7189
16045
939
29392
23993
23522
11497
32443
1089
26029
677
25210
28533
4354
10508
10316
23585
21713
29540
28216
26823
11238
11863
22281
21137
11790
25742
3224
32393
17531
20866
14153
8972
32105
30351
3800
9596
17154
1611
26710
54
31103
6677
25966
17604
18577
26097
10477
3667
5119
24211
13442
30823
26512
1465
21441
28109
23083
20670
14446
25554
11325
23916
11257
21938
9563
26899
31301
5203
29993
15831
31149
15923
7034
2638
21577
29599
7096
22347
30317
6951
32647
4084
18035
19022
27813
20507
2491
9862
21012
27851
6895
21083
28796
27424
21900
15086
16843
22876
23198
22949
1054
15928
4811
15905
27620
4728
4498
29808
16704
30914
15829
7044
27824
10160
25493
16356
14061
14884
4862
20130
16402
23004
28835
13453
29183
30790
23306
32167
29184
2453
2411
2266
21930
30228
1973
9190
7942
13754
13266
9118
17394
18943
8236
19540
17603
2543
32624
7826
5679
29821
32146
23563
25195
32025
10769
22736
26000
1669
22396
27847
26947
32740
5173
6490
9109
22548
8309
14188
32040
15165
1424
16785
660
20138
12922
3710
1288
24280
16778
4030
11829
13261
19327
26791
2919
32683
27585
29069
21493
7045
23017
31541
28380
1649
15490
26252
31655
23263
6417
25753
25234
11817
1364
29361
12270
3691
32200
26346
16071
4756
1389
8402
30405
12477
29389
12896
8528
20154
3643
5418
6647
16623
25945
16345
24083
11109
30685
12250
16295
31006
8596
15191
16267
23973
26023
16230
21194
5352
32541
32384
5960
21834
23201
17204
15272
10229
23941
6940
7788
7021
7688
15889
26718
1131
28884
30107
9775
16616
28619
6315
9567
12664
24067
28557
6236
23769
3343
5144
17902
29132
10113
8744
18386
6947
1196
19534
7334
23068
27055
10437
4357
23277
23471
19112
17394
30624
26467
31587
19066
23841
470
10344
13973
1686
26216
22819
1358
750
5654
16687
14371
14525
23548
17098
7599
7239
31512
30086
3462
3034
26961
1346
7009
18018
15288
32089
1403
12343
10253
21529
25146
23097
16261
19063
20754
32543
18122
29696
12967
27404
20292
31507
11313
355
30103
30030
31269
21725
26989
23622
22034
1497
8821
32379
29640
23283
26284
31883
22976
18391
1499
9893
6328
22104
28256
20033
9886
9660
32562
24590
24751
29786
15136
23084
30944
26472
16729
29340
21117
1294
12081
501
4624
5310
20258
1624
25732
22984
14609
21157
16778
23593
18387
15855
11580
13220
2032
26414
15616
2325
935
24884
25520
16897
4146
23267
18680
2673
75
6044
12287
12545
24558
19450
12617
2356
7521
12993
19420
18442
17266
28177
4513
3797
10496
2272
29454
6216
14780
11431
28162
15313
15409
24410
9200
15145
14594
23966
6976
3625
26483
25911
12274
8415
17195
959
30597
14305
12089
15774
7191
28385
19028
8502
29389
1410
22631
6750
20853
28266
25933
6674
26474
21656
1240
26216
7608
2808
21529
9926
17025
6709
8155
83
928
24783
21617
22187
31883
31085
6834
1239
23422
23412
17985
8828
25046
27096
30994
10578
17339
25651
8233
3800
11009
28180
11685
9799
24912
8345
13310
24260
25987
23104
18059
12761
28751
16634
17223
22054
11301
10881
27092
2644
9305
24300
25536
3147
12163
27009
8712
4261
22822
27594
13274
20066
3727
9963
31391
29405
4864
12082
24377
4606
32526
32240
27785
26290
20296
21895
29493
30616
17945
11205
6824
29694
9456
3696
858
23819
157
13858
24145
20285
13567
15191
7656
23
15324
8645
9167
17427
27408
11756
4179
12510
24042
14573
5855
12228
3539
30367
31683
5225
24112
25056
7989
3003
8074
17193
14741
30500
19948
1382
11510
2052
3725
19716
4057
12126
12463
1355
21819
13778
13767
22510
13779
4043
9438
17120
16021
16889
11575
16490
10362
27138
23602
13691
23939
16244
27248
6719
20220
8447
25656
4338
254
481
12570
24311
28471
19361
16082
31780
12013
2048
21359
11361
29249
26413
19124
22385
20657
30264
17086
4879
30945
6601
31719
4925
12187
8466
28651
29913
16404
1282
25673
5745
16753
10171
31724
29528
21897
10311
3083
13561
17645
7814
14414
28268
7206
21355
6706
13895
11837
18792
30638
4791
8321
10535
19735
27599
25476
26235
11841
30751
15719
12694
17127
22409
18775
2172
25164
20560
4184
31928
4643
25202
8001
333
27820
9528
15880
21743
12833
8971
11328
23667
2384
10121
1760
389
13193
13272
15174
27033
14266
3386
11132
6436
18649
6626
26553
22283
27522
7
8491
25691
7906
15158
14835
23612
3283
7148
5746
20512
1352
25956
5059
29760
18668
32174
18312
28745
26374
25601
27882
10322
12960
24914
8923
4626
4840
10021
24478
27216
13014
20644
15754
24218
21519
31214
1291
32570
18698
25009
6121
3430
23153
18683
8653
31159
7114
1357
12801
9949
29526
30962
8823
17552
22841
25998
28685
22217
4572
19706
26639
15667
26512
21583
20221
20188
10100
23873
25743
24113
26008
18863
26871
14633
19554
7543
1894
31168
31537
29327
18897
15015
14401
29522
31221
1082
31183
20247
5017
1458
2685
23816
11283
28316
19703
24882
29453
31882
25303
10200
12425
4360
15046
27405
25635
25553
18916
13954
27030
9539
29803
15772
18050
9489
27023
22473
1389
20792
30376
5909
16903
8500
5522
11512
19122
16755
14932
4466
31553
4874
9217
8282
13568
21415
13532
8436
6133
454
5567
27585
24934
20776
10430
8859
5020
17281
3847
12033
19174
14706
17932
31407
25568
4022
8165
5745
22260
7328
6895
17210
27938
8645
23738
4464
12797
1526
21538
2699
18166
27505
18107
6366
31709
30295
19827
8628
20645
22369
1138
1439
17512
28367
29253
31501
5546
7074
27196
30492
22498
2827
28176
6320
567
7203
21193
18882
23431
11228
11487
2811
26541
23864
18336
7553
14852
12729
11217
32529
20775
1560
31128
27726
24571
18234
6554
23896
10224
29535
2400
12449
18563
15261
18175
30716
10248
22925
8184
7159
22950
27972
26461
18795
9379
30596
22325
23889
4321
17460
8482
17111
7337
22798
29249
30644
32680
15512
28242
10936
7991
10581
26137
10407
6112
316
19715
2887
29
5481
12813
24248
18530
5651
16354
12548
23646
16062
2115
16375
27007
4785
7852
14641
28340
15787
17973
16505
31094
27858
14006
12372
13321
13292
15662
18646
10495
21201
15206
16569
24575
28448
19153
27820
14276
5682
1719
28909
8552
6988
16786
12570
8419
9753
10681
29253
14031
1367
8507
25414
5998
6608
19726
32597
21229
28044
8041
32472
21226
19269
24942
19065
20789
27163
12
9340
11219
393
8228
31823
14921
22936
15850
8291
2071
11090
23439
16955
6274
25978
797
195
6038
10618
8098
27874
7276
5277
29072
15442
24745
10622
8804
7856
4423
28097
15238
26831
7320
4096
1136
2642
8583
10760
3091
378
25634
29510
24950
16700
27477
30588
16289
15767
11256
9656
12473
4644
25869
19335
27756
30447
4418
20582
30096
30597
4542
17785
15110
8270
30233
7552
16357
5661
1452
8454
3796
19462
28172
29403
31928
19312
15057
14533
32400
17002
31388
15475
5788
19523
13656
6322
7365
10324
6079
18148
26169
21281
30752
8365
4182
13729
6240
10735
29385
24281
18752
14073
31991
31664
21213
17147
668
254
18045
2749
15281
15334
7560
16273
31636
15462
18901
26247
25443
20012
6951
14303
5032
29611
7672
4804
8508
5999
22389
22839
20837
26541
713
18505
24898
4127
13214
8333
23657
17934
481
13005
18126
23217
8902
9468
7655
18357
4877
876
29965
27165
13955
29249
12582
24396
4299
4902
10113
14432
31582
29502
9217
30658
31953
5469
6782
3323
9559
27769
1896
17098
5254
23131
17325
21363
3166
1690
20445
5977
13703
8650
23181
463
30938
26865
1529
24620
4643
32058
12525
3869
16421
25582
18149
6720
13791
17055
23411
31214
12558
11175
5345
25432
23027
3793
10775
24277
20566
8789
30656
6266
2507
22538
28841
7916
25908
13015
28009
1138
6023
4202
8007
5710
21970
15149
10840
7758
24700
22646
10984
25246
21453
1791
10779
22496
25008
16789
17876
14718
22712
23060
4054
31807
7266
8338
26666
20249
29338
2779
22208
7751
19072
28702
10329
19611
24683
11493
21155
5908
25390
17226
25510
22195
32411
19304
96
5259
28486
18449
13996
9240
908
13247
9833
14289
11731
22988
17879
9216
3090
20453
17732
17362
2197
9148
21993
13482
30714
4349
22543
23483
22656
21380
13430
27094
5761
27085
25846
20864
31292
23467
28775
25416
8920
22845
23999
1112
12966
17950
25210
13129
4263
1245
20543
20284
25422
5805
1472
21798
10374
25437
26338
1899
3831
15754
8222
13231
29829
30483
14630
2792
11802
6605
15052
16312
31910
6264
27680
24315
21348
3058
27353
5788
21342
20651
8951
24236
8243
6233
27046
14517
29208
17389
16228
31051
2333
6597
32102
20453
26034
11299
29240
235
27241
990
12709
1552
19197
25431
7126
2274
27796
13743
24510
27551
6977
32311
31925
21579
14541
23592
1890
28159
18615
30357
13791
21636
32121
25757
30488
24097
11021
26085
6516
14256
17072
32582
17592
1783
15334
20418
19240
1846
3774
12733
5615
21501
9047
31849
12480
22080
23203
31107
14526
1965
5227
25405
12953
61
22163
32379
3066
522
31136
9537
19490
30560
32375
21868
14286
5910
29031
6049
27741
8991
32362
21124
13876
30044
6824
24106
9826
20148
26429
27600
11136
7271
12604
5581
12763
10143
13044
11205
3798
25417
31346
3872
15241
19490
6471
13242
8878
3861
395
6364
1470
27076
13345
20076
15703
31077
9277
23136
22753
27599
29732
4728
24945
18132
28467
15917
17389
14802
25891
5349
9842
11653
19083
27752
11506
1567
17062
11159
28962
19355
30295
21852
12691
11342
23658
16349
31774
3519
22301
19445
22406
8120
19167
12516
12377
9629
4695
12357
3351
27133
29608
17985
19862
4199
31476
10755
31141
14719
24095
12907
25328
11600
19925
29447
7716
32740
22478
9535
5971
25618
15952
12751
17817
8344
26870
28283
16896
23402
21169
25597
17825
12105
6412
12355
21260
16278
4276
22743
3818
15977
823
8607
3041
6366
31244
15302
3512
15791
15060
24826
1980
12808
22751
11992
23138
26774
32754
22180
5165
3810
23623
30014
14802
17629
17366
10065
22939
29371
1235
11726
28169
12549
32120
13977
21437
30442
24836
7554
22168
727
19972
14710
6690
12615
6609
2550
24872
13787
30042
22729
30890
27309
20259
9198
18932
10722
5774
25557
22538
25982
17498
463
11337
29052
19561
4802
30284
13343
23750
10785
25357
12419
3558
22811
28492
8055
26670
11795
14645
2703
25270
18513
5437
7540
16205
21495
27213
8575
26557
566
6434
22406
12368
20929
29428
9206
9106
15234
853
16674
15193
6029
12637
27611
11011
20050
31748
15937
7935
10774
21967
11480
5519
23716
25519
23007
13515
3391
8998
13021
16874
732
15275
3196
7613
16014
32592
12442
27260
6722
24226
4766
16069
16300
21456
7688
2530
2945
2320
21325
3403
12519
15935
9953
3947
12586
12743
22165
11175
31664
4294
10531
25501
18991
12909
19463
21929
3357
8870
17297
15534
31848
16377
8505
7443
8296
28848
29746
17163
26386
13113
10306
30234
6510
3533
18128
1493
17739
8527
20031
5097
28465
25463
4986
16222
8343
17455
25040
5405
9814
16957
19715
27056
4958
13091
27035
74
23463
16963
24448
8967
7019
27463
2760
4212
24211
29632
7886
25170
31855
10253
32644
20887
23465
24447
17674
31670
12924
3003
7551
3360
5921
22367
279
29963
29834
6120
27757
1650
14163
5843
5403
10845
18166
30210
19593
1890
7998
13154
1282
17004
7678
4043
11533
15547
22786
23847
21754
29484
4166
30679
21179
25275
4198
28498
22517
5702
6486
8719
11863
16788
7507
20646
3627
3477
27673
27698
17194
31211
7767
9209
5013
30634
21856
30287
7553
8540
8995
18615
7795
13385
11869
19276
22828
12021
26381
11103
3526
14569
24361
22882
14336
14262
7055
26116
2007
13624
28990
15006
18518
31512
17094
12494
10414
1940
12797
19809
7049
16259
6644
8823
16540
403
25897
7393
3195
32470
5118
16590
8882
31869
1898
6567
5649
25315
25583
24887
839
15821
8396
8719
14771
4592
6003
22825
26230
11187
10045
23243
30157
19255
16733
32430
7838
20884
28947
22368
19536
21350
13346
30951
23264
13449
14211
4775
22833
12576
19547
24710
17828
30684
10539
14157
30953
14715
19270
12369
13077
20878
3209
14420
32500
27776
16710
1446
24480
20180
29313
14735
31826
8622
2143
12530
15993
26773
30939
18474
5641
1143
20155
5688
22550
26605
7362
25376
27553
24769
12584
23952
14514
6830
7495
21443
3495
16230
26007
29605
28363
22490
28124
22072
1066
21173
30110
23094
6564
21545
14554
4600
25921
13039
2295
18582
1988
18057
29179
25168
31619
27339
16383
7212
25973
23705
30945
28385
31885
21490
7736
6388
31558
32558
19341
5153
20352
17283
1224
31228
31882
26318
18664
7128
25472
1680
15607
20968
26071
55
829
17828
5686
11936
4789
15214
27527
8409
8893
8054
10831
11819
32529
23003
30778
2904
22522
11795
19963
17697
25283
10636
15186
17419
24173
26003
12654
15715
20644
8310
18294
13696
3825
29157
11619
30536
26672
7838
16656
9462
581
20298
31124
17946
16395
11937
7375
30432
17293
13013
29507
7318
24697
5678
28197
17257
4817
17137
29620
2415
19940
13959
17866
15083
14205
8155
14001
972
9050
15620
8247
23158
25311
15396
20741
1989
15628
9104
25644
28751
8877
1329
14081
746
29392
298
28971
28783
25468
23482
21242
4285
25248
10852
15867
6400
842
23630
11209
1843
19225
8680
1829
26339
29685
30669
6985
21302
30205
22766
3450
23085
28097
23533
5341
9510
12978
16327
25739
2725
12759
11190
31719
27987
24769
9814
20784
3143
23744
2054
2642
10373
2647
27793
14338
9156
18670
26638
18185
31861
3783
772
7136
19200
307
16850
3198
9297
23814
15182
11374
1427
17224
685
7972
11579
15917
26787
25745
1353
4679
22474
21493
714
12283
20552
14581
7842
22834
18093
18157
19336
20304
27162
22151
3410
7530
5544
8589
5491
21172
28935
28923
2242
16696
1126
29017
21117
5326
17299
8519
10381
22088
21604
3674
9483
12013
5205
21542
6404
41
8562
4508
31865
9090
27256
18583
8106
26318
2615
23473
405
6307
29242
7771
28601
14608
10410
11053
21279
8842
7536
29818
20123
16169
23194
17192
4688
7701
5120
6078
2162
32059
23079
8639
16208
6980
29797
16695
13457
26055
9798
18067
26045
22461
25647
25781
18944
7222
15169
2376
6443
18763
28800
3921
1020
18260
6965
7
16799
14427
16017
21989
5748
29648
9874
30205
14355
27261
3115
21391
12942
1725
17567
29146
13046
23785
46
14386
23328
16404
23539
19539
680
3832
19213
26357
2359
19759
6909
22177
7682
23719
5967
9410
8339
27472
4221
4351
32460
26903
18960
22216
13353
6680
5128
28975
20037
6415
4990
20730
6816
24080
32392
14582
24991
7545
20317
13454
21204
4900
12985
23707
1664
3553
13699
24190
14422
20259
30126
31085
8066
4857
23133
26122
2026
21568
5962
23610
4276
8472
32616
11060
13320
5012
27335
6104
31767
17078
13240
30019
2396
16282
3891
11168
20001
29425
17525
8512
9030
28337
2029
14830
6718
2059
32089
24700
12378
19870
9517
20130
18250
11754
14644
1801
1761
25095
15481
13730
3096
28822
17000
27196
2390
23801
12593
24918
15342
22207
877
20273
23273
32098
19716
24874
25351
3125
1870
26951
25600
664
26744
26640
13071
7278
18986
26784
9905
11985
25446
25339
16299
15620
22964
6306
25418
22952
28028
8037
2798
10291
17843
3705
3274
4767
7865
458
25061
1887
24706
26514
3428
21399
24565
19499
2316
28044
20369
6178
23299
17242
9046
29836
14550
25061
27619
18845
23488
2065
27868
2934
27178
31286
29326
18751
6766
10702
10966
12918
29408
1393
1342
1670
19215
1284
24170
8860
29256
17965
31411
8630
8028
19721
5137
17149
3491
15650
32574
2644
27457
7835
11288
20273
31912
942
1352
11691
6495
8793
29473
3541
26113
13907
1482
13643
28552
16197
2720
5898
3019
28471
4310
21893
9030
23880
8542
10997
18458
20643
11789
11248
15956
14254
31738
6205
22898
8069
3367
11751
21284
16294
19811
12944
32591
28142
1646
9992
343
3780
24415
22814
26270
21908
27459
18358
19016
27007
2823
3356
26178
16976
9880
17304
13698
20914
328
6211
2960
19617
11636
24
17733
10527
25443
17230
30418
9256
16242
21222
15109
25575
11118
7296
1992
2602
30530
20594
11243
19220
25810
19995
23075
23569
11046
10869
25938
20239
13515
1258
4616
11756
7542
7785
8522
27178
13035
26296
30867
29930
32029
29708
2841
4888
4503
6359
26705
16867
13850
3041
5045
16240
5768
22170
2501
3023
4608
32175
5708
30254
25419
6107
24548
2636
10359
18176
19644
29233
3521
18294
9369
8221
8121
2466
5147
21694
2208
2507
30018
21925
15637
23082
304
26619
23537
4928
20273
25456
17775
7789
17656
29045
11664
3773
23596
19627
11709
31749
24867
5275
6574
5167
3821
2471
7052
22226
11412
17728
23378
12038
4002
16986
13689
24438
10212
18973
17620
29878
30830
6366
17337
12759
8671
20301
2145
11065
25062
1008
8337
929
11269
2256
20602
32651
16277
14706
30943
25282
24331
25864
10357
19501
3193
10473
23695
1004
28504
20287
13562
28580
18308
1535
7974
8470
4488
543
15495
13047
16412
25347
2107
26619
12012
27192
32749
16436
12955
23396
21497
30874
27144
6269
25297
10475
13520
20026
927
29621
29460
17607
25644
31920
29308
10429
32256
6482
11387
24657
26315
28574
14805
16588
3
30525
8031
14395
18895
4303
22534
16231
23844
10115
16403
10247
20781
4325
17838
6965
4081
7928
672
23583
24112
6277
9053
8959
6797
2994
16193
9293
30707
11990
1562
6194
14129
17292
26343
22081
9191
12295
5087
22882
22694
17061
1973
16398
3667
21446
28699
7362
31436
14814
8581
10925
718
17353
30767
15020
17175
11615
19041
27769
13511
16969
20466
2080
28940
8979
8971
2994
22526
24705
15917
16700
7880
24871
7029
28922
2313
17716
22815
969
20858
15503
1866
10715
1488
805
762
22958
23012
30593
611
15167
13841
32669
13925
21371
1245
12279
9555
1014
988
26856
8952
13023
7122
24113
2524
12084
1048
15575
6595
9522
13633
25394
8055
14096
28412
24384
18887
3564
21820
10047
20432
30470
26775
16506
19579
24876
24044
18531
29511
20085
6473
5090
585
3634
20492
22765
5489
21282
5704
5721
16142
31205
23402
11759
2452
5043
6684
25795
18077
2382
16233
15809
20271
27189
3362
25225
6461
15387
31617
3709
18032
24215
24077
12311
4135
22301
20413
13441
13500
6445
10848
12639
18953
7882
3388
24815
6442
25902
14070
9301
26501
8636
14002
48
20744
17206
14458
18289
6066
4912
28900
26733
3157
3013
27631
4145
29850
13704
17199
6165
4677
8637
32554
29076
12218
21706
10241
1114
21952
13544
18771
12959
3718
20766
27998
30644
23012
5232
21351
21723
14050
14676
25948
92
26238
4453
12473
2773
19370
30043
26280
28370
3221
28987
10092
16029
22827
203
7423
25688
31455
28745
10490
10312
4520
13660
10678
29044
8777
21579
6833
29807
22998
9581
5171
17522
10868
3809
28209
31405
9568
1662
2673
26591
13875
28685
2543
1061
9060
11190
29056
4367
30734
26809
437
8697
15091
4191
17922
32409
5826
23855
7967
5076
22421
29284
19631
26326
25022
1951
14880
15969
1475
31962
4818
30309
21927
27293
24955
12754
24427
628
16074
24234
28885
21408
21322
16474
18544
18445
12426
29770
22484
28036
17787
9395
31527
24354
29209
23985
18916
25353
32333
14489
25819
4181
30738
20876
25978
4434
15576
15180
21066
21996
12837
25935
15548
19046
29058
10258
27686
26191
27541
27568
14857
10162
18059
7347
917
20110
31673
25386
21615
27781
30850
20476
11953
7384
18043
29819
5171
30867
32461
6204
13577
6917
3291
295
26444
19059
1061
458
19486
6414
3436
16882
17896
4641
12056
30077
9190
18319
29910
30058
9958
21373
14981
28466
17228
8780
7763
7771
17498
6346
24099
17482
13486
27305
9267
21081
12300
13616
1787
31273
606
12848
16472
6202
14329
5946
24553
11448
802
29967
31929
22168
6865
11096
10783
1252
30389
17559
13283
21075
3191
20062
26018
16157
29251
447
24948
15629
2693
20483
18891
16856
7408
10142
17055
21421
197
1379
3528
17421
15442
9717
18091
3293
15801
27518
280
954
4338
19363
20339
22412
14099
22967
29714
3166
719
16686
16871
26989
7741
17493
28767
3454
7643
4929
26249
7541
17619
3845
16763
16676
24189
19753
6642
25185
20772
28503
19768
25179
19981
9046
19787
14638
17077
24381
15419
13236
28507
11744
22228
17310
18110
8079
29309
5572
31528
13056
4704
25274
23723
19081
22475
11684
27819
402
20950
25931
19101
30283
28743
7024
24077
23450
7602
18016
25062
26456
17637
16584
13550
28860
17795
31691
5008
21271
7150
5970
7902
26818
16490
21667
21718
12885
384
5942
24036
32282
23969
26563
21417
9154
8204
11680
25851
10326
17650
4682
31533
24176
26839
17218
17552
22186
18235
1562
18489
13399
3194
21199
26373
14961
32497
26713
28123
9427
17250
3969
7473
8616
16537
32755
18898
32548
26192
7060
31454
24946
23377
29717
10514
5357
22234
20169
841
20626
10565
6835
23619
31925
14312
3300
9638
20980
28731
22276
7234
25706
30264
11310
2457
28453
4616
2049
16031
29657
8411
27635
11198
725
3352
1769
14877
16183
4534
31493
18978
29532
19689
13759
31542
18843
26114
3640
8392
32051
19088
7626
2196
6017
18124
1764
30245
3447
32052
7701
30616
20809
373
10598
30628
11369
6798
10733
12503
30134
28723
25503
26146
30705
10095
5990
1176
7280
12942
9076
4723
11798
22586
32214
3928
18562
13796
15692
10716
18311
16742
9304
28230
19164
3558
25237
21142
8725
22525
74
17351
13522
7448
10303
6226
15159
16927
17359
3059
23196
3413
7487
10415
31365
30592
31822
16662
26068
6217
28941
24518
3133
12773
16625
20528
30715
8181
10791
9375
19393
11691
28967
23926
23796
5935
27788
5560
15895
14913
803
22734
19847
14879
20546
1413
7272
6825
25179
25175
16863
5827
18384
18155
28289
13819
24073
32479
21516
25964
5829
18884
13653
6113
10157
7274
12930
12606
22575
1886
9593
16668
24969
26290
8857
20660
5412
16124
29095
18430
15652
27553
4875
11802
27453
596
9532
18670
10696
4057
15993
24593
17174
4623
3770
9959
4868
21293
24038
4622
5839
2636
14918
7161
12074
25894
27450
15579
18574
24349
31786
6599
24018
2431
29632
12053
2299
10504
2900
31239
5717
19624
31400
26029
19907
16775
11222
32517
26195
2119
27526
13415
22549
12169
26980
9248
46
14258
7378
15966
19240
25583
25049
15948
22924
7286
25190
15997
21171
17935
8115
27790
23001
13011
12291
8199
22899
4148
1170
22659
6338
30270
19404
26385
20393
31773
17341
18137
11452
30174
4297
26883
409
16250
27805
30676
2427
14608
16741
21786
32268
22642
1343
22475
28283
29667
27120
3305
3279
10783
13527
32680
25979
2972
21279
19667
13618
26896
32312
1388
20732
27443
1159
9363
21642
22470
2652
7336
2758
10196
22309
16308
17583
21304
738
1797
4708
30047
6105
32281
4734
12111
31883
21694
19363
27368
14822
23670
17497
25450
29116
29984
19735
5944
6516
11477
12450
1756
19712
5905
16023
25930
19983
7955
25667
7529
899
22918
18363
20687
3365
6496
6441
13260
16279
19467
3685
27307
7307
24771
15557
19508
6963
16191
17717
11638
21752
4499
1674
6851
27247
25941
18963
8699
13449
26622
7793
4622
5642
17044
21673
21436
316
22662
21368
16287
1508
28120
13543
5484
31605
30847
25118
30838
7044
8463
8573
5491
8316
13971
19177
21891
15507
6588
5732
17006
31996
25407
14561
45
27998
18808
17238
32685
3974
2387
30738
20175
31577
22124
2641
10675
15116
5749
31758
12598
14231
27609
3608
27321
18790
21406
30312
27941
16722
23184
20658
24363
32209
11676
32058
10961
24681
2426
25065
2602
14187
19855
16800
20836
28637
13841
7628
6665
9144
364
22075
13182
22612
1252
31534
31952
288
29820
1455
2991
6806
25111
27172
17595
29038
14302
14629
18687
27154
12769
17035
23739
23635
6913
28361
11111
22362
20749
17024
3316
25057
21547
16461
12373
2723
25978
7398
20286
23824
30965
31077
20268
3654
32411
6115
29605
30269
18125
15945
1473
10561
1527
15203
5353
17830
15218
16950
13535
18871
32681
3988
23806
1519
32123
3565
19652
32620
6881
27496
6541
22176
5329
22066
18849
1610
4706
21270
8305
3748
29488
25167
30
24798
23810
26266
1083
7884
19626
655
14804
732
11821
24624
6319
1098
16420
5827
8657
2967
18018
8925
18244
19255
20439
9408
280
4234
5044
22758
13224
8461
10704
32478
19231
30674
8779
8791
12346
30509
16497
31355
31311
25265
23777
21374
654
13658
13038
13942
15495
10252
7493
17261
30700
31804
1488
29108
28568
24301
3291
10875
18897
30687
11126
29087
28106
30979
21786
4291
21100
16945
23695
30882
10838
27933
8204
19619
4387
21896
16545
19631
7659
29107
26834
4415
32524
3865
26245
19897
810
18269
7198
3324
13172
16770
3304
7225
25385
4954
2231
6150
22619
22337
15051
20397
29172
18955
8184
29386
28406
1338
10244
15637
15111
10612
1617
5244
25644
3381
30139
19829
7637
17346
29636
2450
29978
4190
14063
25685
6724
6591
25705
25159
25487
29123
18670
22084
27950
17760
6379
12569
31376
18649
31712
28497
31970
13368
26377
6475
25301
25592
2877
2448
5537
29186
23062
28004
18250
23259
26194
13211
30241
795
9081
23982
18831
12577
18624
26382
11278
20229
23342
14008
18040
2254
8957
20234
16516
6885
4163
12245
27277
25802
21202
7859
13462
5126
10588
18843
5772
31585
11227
30642
19914
27220
5423
15460
5091
6337
20489
24756
12955
31458
19209
30416
6454
4480
22563
19433
22262
2661
6983
11329
7903
17683
19521
11654
14525
4022
20446
29534
872
12376
27728
8771
27719
3668
7379
29841
19
4109
18577
9693
30941
223
24771
10377
27987
4950
10778
22933
1343
21406
13661
9912
22352
7739
19283
23216
21533
28410
20451
982
25191
7208
24698
10485
4254
20993
12717
16476
32679
25195
28704
7474
27357
15589
10406
18186
29014
8890
31657
28599
1127
27514
8141
31586
8042
28074
30672
20186
11454
24507
16309
22570
15376
17721
5409
1393
28121
15429
24325
7662
14376
16197
22653
12635
26786
11994
17144
4476
1991
14355
922
2551
375
27360
12254
19046
14004
5321
19840
13995
23721
13279
18842
4483
19691
5619
27405
13663
11008
30727
17442
20335
798
14850
26481
20735
17972
31400
25602
2822
18223
12232
19635
10236
7542
3767
20185
30701
4278
22782
7210
17100
29157
24912
11227
5385
1409
23743
5893
14949
25369
21551
5197
23302
28175
18954
22212
28358
19356
26677
21516
31441
31252
19011
13757
19823
28012
14313
31238
11294
21753
25522
1944
10212
28282
500
14527
3043
2649
19459
8658
6702
9518
17316
5838
2779
14981
19141
13374
346
13537
25451
28510
27653
7937
11243
29055
503
31329
27485
17069
21282
24324
16974
1936
7836
18545
21429
22160
25402
13308
31272
26684
24160
29766
23888
9965
27927
24071
31643
24998
864
12811
31792
9791
11721
26747
23848
1731
20797
16734
20987
19990
7456
15967
26168
26587
25500
27089
14458
32660
19509
3824
24983
6923
5284
18282
23578
13298
21474
542
32756
5318
29571
26403
26222
31993
21317
15628
19042
20559
19177
13162
14507
21897
32321
13971
9434
18497
14219
12450
13866
16917
15357
23487
24759
16135
20129
2465
7914
16676
21859
1104
24376
22372
21609
27696
31244
3026
13218
14139
17409
31980
674
13710
4181
9805
11949
16167
14235
7305
24337
28397
30383
16473
27577
3824
14831
11512
8704
6643
10408
26060
19395
30248
1231
1865
11450
19770
13042
32531
27144
9616
32365
3938
4112
8401
28129
8619
10891
931
15330
11389
8919
27321
18416
12457
22674
20748
5033
4517
10344
19304
8252
19762
21801
7467
16417
22077
1823
2634
12552
5891
21918
2708
4623
24185
3804
16955
2615
15595
12803
25488
13081
5091
20357
24078
7125
23884
17328
32410
30796
28119
32642
25865
20623
13982
21438
29411
17558
18952
29247
5990
14390
10220
6541
7374
31565
5369
7854
23252
16960
341
18751
29301
679
17028
13763
30452
2118
9356
12858
10274
22080
5718
18678
8669
10375
30040
28074
9431
10647
15473
196
23705
12388
6676
7420
18119
6800
12713
25389
8101
5858
3120
14436
30682
29684
31784
10807
22388
18219
30895
27993
4653
32748
13290
10859
12524
15117
28839
3348
5263
27274
23361
18771
13800
9594
27076
2836
9989
13377
1874
1026
14773
11526
3782
2973
28487
13416
22678
1420
5525
13932
24574
564
13634
11194
17243
19849
13631
16138
9173
24612
22420
26329
10304
26263
29533
18272
10052
21245
4114
28870
15548
11477
17932
19861
20061
4880
2117
21867
17304
9320
15200
22514
29889
16884
15849
29713
5488
24569
17885
3940
7720
22788
14189
25066
31030
30517
22783
27134
30428
10206
2166
23689
19631
3405
21939
25973
9278
25317
9819
19557
31988
26484
18139
20899
25920
16832
3242
22361
20210
4963
28110
11013
745
11737
12706
807
30699
7640
7894
1340
4308
223
19127
26608
1523
22802
28081
1424
32177
21317
24850
29374
6259
13143
10768
28008
29634
23233
13838
14331
26794
7534
11291
13523
2399
22734
30652
22007
8743
294
28907
13571
16755
6442
17759
26469
2895
18381
1806
25292
23549
88
1009
1502
32221
28857
19207
6442
30353
10782
668
23645
12125
14275
29643
29624
31956
6152
28482
18881
18865
19399
28485
14649
26883
28644
6902
4943
21389
5414
3795
22035
21612
19013
3712
10029
26874
3140
967
26319
22515
4352
28381
28392
17366
8202
11238
21147
15502
28082
12732
12783
5202
11364
11756
30152
31690
18488
8706
2070
10611
196
26119
23628
4164
21813
13383
23572
27026
30366
8792
3136
5681
13455
11095
32260
6876
6122
12149
24675
15318
8178
3250
17896
31698
21925
13545
29334
529
10572
25869
17953
11210
20048
25010
5727
19662
2383
23759
3577
25452
9327
26818
25446
17298
32242
7316
31770
32054
25867
19839
20474
500
14576
429
8468
19961
32305
67
23437
6175
24136
8862
12762
19801
17777
19164
18739
23378
4796
9119
2629
3665
3680
3341
27176
1632
6738
23324
16272
1965
20758
18700
30791
10800
1750
17973
17115
11406
24753
2
148
28222
30293
19774
5032
21738
12752
24206
23986
8472
24995
22591
609
30217
12568
14658
17005
6369
31446
13173
720
11017
10675
22821
21554
25554
7113
17360
3749
3419
15308
6191
21906
18612
17563
2931
6131
23875
25364
19920
24771
5991
10797
32312
2995
31324
3392
2921
12831
18783
21671
9769
25664
11282
16521
10448
675
29217
19955
6152
19418
14886
21035
8401
29297
32714
24641
14280
20260
21805
11494
15784
846
19337
25729
19729
8101
20242
10112
5512
8997
31264
8428
26560
26186
9103
27457
22295
18050
11366
14204
5220
9698
20664
27253
26096
4888
32712
9327
24770
11681
32624
26350
18208
6716
24260
19657
12370
7070
31730
2175
23977
9063
8557
7374
24768
28501
32330
898
30466
1719
32234
13964
15980
11301
17113
20307
10132
5999
18678
12367
18667
3027
29396
27859
30527
7795
1633
25386
18308
16646
23749
15590
24019
25805
18829
18805
11699
18888
32009
26357
3992
20011
26098
27977
20393
21004
22096
20333
6598
862
28571
26374
26314
9762
6689
7742
20237
11484
2983
27598
26158
13636
8531
21852
1039
15679
4298
27656
7968
9229
13461
30530
7137
19396
30665
16862
13730
28413
9447
15722
25741
32461
7169
28607
25831
7415
13342
24278
17299
1631
19424
28381
5080
450
19812
26250
12900
9893
10602
3504
14736
4235
3510
6672
2789
21099
23222
24177
4575
15969
7268
28659
9202
21924
2670
13728
8651
29880
21396
5700
15832
4069
14418
14462
3082
5095
14528
2328
16090
16103
22966
31636
13706
1450
17715
14599
16301
22793
18944
12587
14825
24481
32400
16815
26620
30667
2859
26577
12285
5583
24396
12335
6884
21076
22087
22746
15949
15643
3886
22957
29561
18413
31734
18141
32662
24018
27606
16848
4416
31364
5360
27699
14151
22051
24883
4423
13491
31018
640
31099
22021
19618
4619
7232
11200
31382
16133
9241
20008
12998
20600
30961
3658
10143
32370
17586
14396
22379
26213
9747
19110
30150
7886
1458
18305
2385
11797
16738
543
4522
26804
8646
3692
18843
31388
19999
13683
22929
8148
12898
4900
3664
20580
2958
16724
26598
25457
3644
13317
5341
28073
23415
10984
11701
24290
14287
23584
17554
8957
14505
15433
7473
18961
23513
1977
8480
31686
15731
28933
25647
14846
24541
6343
19746
14011
14889
12959
13992
16701
162
31608
7313
3690
23461
25869
10555
24691
179
6827
14157
20917
25027
17208
7080
18141
26333
9332
19355
19536
26084
2943
13142
25290
19636
7836
20642
32580
12653
31796
26063
16924
15629
19230
22765
10608
9285
8221
4927
17098
8837
23722
29932
8195
11098
27380
12536
4961
17913
31526
9587
30467
18204
9704
1008
895
23820
6184
24121
31177
8703
11290
27457
9303
10405
4989
6234
29570
14078
30497
15016
14640
9070
12198
29910
18352
2067
31622
9479
30693
16470
22102
28432
23207
25792
21832
14052
6502
14608
11509
8015
18960
16522
17497
24808
14901
27793
31007
3393
30058
6520
31007
4704
2795
19862
21798
4723
22148
28312
12533
25535
20657
24859
13452
19674
10756
18043
8872
20762
13767
19685
14474
8525
26595
17844
15098
1194
27136
30202
21644
19976
3054
21852
10530
12622
4931
12068
17074
3371
11846
22929
15177
32007
3596
30577
18512
18233
27617
30706
2831
31610
32234
18614
19055
21913
7944
28197
31236
14449
11774
30215
12874
21785
26583
30802
32303
21082
16770
6720
8658
2150
1216
18341
16011
9414
13376
5760
30763
19093
31495
2256
32645
748
11030
8361
9773
4509
3911
31366
24447
548
5241
25057
21219
218
3564
5121
25424
21612
6382
9492
20495
2956
25528
15229
21186
13030
23443
5487
24228
10070
1599
3259
25874
22616
2708
3302
17227
3776
11370
12159
15732
2987
16311
29359
10975
5045
22263
15890
14220
14956
12497
10693
24304
517
10487
15297
1014
9038
12366
3943
19012
4580
4175
7003
5311
4262
32173
2454
19793
27241
15927
21943
23018
8942
26113
9626
25284
13329
28606
4140
19948
11074
13425
18046
5118
15161
1605
21272
21039
5606
29368
25487
15761
8871
28671
20570
23443
25790
31142
22241
9159
9730
24696
14807
28393
14804
20894
15306
22300
27733
22795
10232
28022
29143
25367
23909
26815
27281
361
4138
12662
20118
30491
13584
28437
22024
20505
19293
31383
12680
1994
30958
23094
9970
755
11398
10873
26183
24792
14950
6254
10987
26532
10014
20788
32017
4106
5282
2749
10099
29741
1440
2514
13638
9661
27409
18776
3181
12131
12303
9937
30701
17760
14310
14374
13985
26993
621
11939
25135
1525
27287
27459
16954
17489
13125
10286
24537
8852
22110
23424
27976
3159
18978
14156
21982
31464
12475
27361
2623
24743
9749
2379
23763
25519
8176
14621
631
11193
5172
4462
2930
18238
22916
18466
26794
27612
30229
5483
20760
5627
20673
28814
7033
19376
30807
2539
24646
1762
30006
9784
30695
2731
22810
16141
10532
10240
309
3237
7132
13717
16002
23779
25593
16123
22614
23443
14499
12043
7480
12275
11188
31112
30194
4977
30060
2048
12008
17847
10343
28147
27561
485
25035
10296
30916
22813
18886
27547
28637
5701
30776
18123
25087
3848
4524
7028
31796
1566
12429
12968
23123
718
28311
28803
31770
16817
8843
27407
4220
8888
9767
26725
2876
14448
14421
2069
14523
23685
20387
7112
17423
28038
28915
29476
25428
6631
24179
7920
7751
23628
13008
28537
25361
3333
15527
12852
23904
11476
11837
29348
17340
19703
30063
17022
3865
14434
20460
19724
20648
16973
28577
14799
6643
24046
17269
8808
11049
25480
14391
8121
23478
9892
1492
12871
28951
16798
23758
2530
22509
14948
2025
28809
29520
25723
22056
23688
30309
9283
24823
28131
31795
30587
682
23287
20914
26375
4390
4191
9765
17905
12510
2069
5546
25007
21506
7129
16912
1956
14834
22231
28136
1001
761
2692
19935
32076
11320
10953
1099
21145
2016
13667
31491
23833
1445
10378
3956
15449
24431
19664
17649
3884
32338
22093
29003
15859
11200
8441
6050
14876
25341
3161
25978
22249
22228
14942
1553
8051
32649
13706
16369
19950
17678
16980
4289
18478
6521
24526
15200
17770
6070
15237
31797
321
31353
7336
22464
8186
32631
2669
14197
10256
2774
12721
18635
13550
7906
19935
21136
18167
31745
6418
29823
21705
31977
1918
1300
451
784
21004
415
7621
1892
5188
17560
21046
9021
368
30258
8268
9616
29950
27442
5255
2149
25127
26114
21375
23179
26318
28161
25568
29066
1451
12574
22963
30681
19368
9125
18143
11089
25739
21080
5359
24546
25302
6850
11285
6789
16107
15816
2927
22641
20852
129
13962
22162
19714
20296
7205
27959
31476
5903
23095
21515
16283
18678
819
25158
10652
15388
18570
7972
4245
25012
11889
13975
1795
32604
11494
9784
9059
25515
25069
13956
25751
18697
14624
5189
13708
23236
11366
7758
21530
4192
515
15211
7979
21294
11217
19608
4128
8736
11212
3953
25456
10203
8660
1258
13458
30478
26287
12352
4382
24834
22606
16944
18223
6771
15185
1126
29451
8863
21965
6456
4102
8348
10060
25492
4259
10990
25109
11063
16893
11609
2478
20768
32357
24820
23200
10309
29517
2687
24442
18052
32357
29430
22296
25052
26115
20070
20517
3549
28872
1280
7647
27997
8321
4716
2586
11373
5195
28512
26760
22156
22011
14704
28471
23834
5820
3368
30811
25103
7930
18008
4430
6892
30079
6831
31445
24562
476
17035
32421
15250
11787
9232
15910
3622
19282
13432
24182
6622
15978
937
13745
2813
14049
9741
23920
20549
30141
28830
20111
22447
26466
15168
27188
864
5302
7508
5132
27353
12162
22666
16856
15470
15900
26102
9257
21241
10819
22887
19559
21455
14154
3828
29720
26867
9081
22231
18783
27530
30896
4991
25795
4751
20557
32224
19506
31176
3664
1038
10054
5369
22461
30218
2247
25431
18498
29915
29040
30527
11034
22497
28662
9768
15153
31847
582
29911
11913
13175
7182
5074
4316
16882
30336
22
12675
9952
3411
7180
10390
7172
27914
21690
14165
1203
13944
10038
1990
16103
31620
6753
4000
2704
22826
209
6760
31530
29378
5903
16090
10132
12933
20995
17290
3104
29517
29100
14027
21223
30620
11285
15824
30303
20960
1156
24337
29231
8693
8948
19440
30273
19436
16325
28061
20505
3083
30643
14647
32358
3092
7173
3892
8919
24011
21254
10754
17968
32434
7353
24558
8861
18711
4041
15430
26694
30288
25279
13242
12323
5702
5495
30728
4370
8240
20181
11993
2855
161
17076
4069
15683
18629
13343
11870
6376
25319
26564
29068
2123
28727
6821
181
15019
13259
20753
9791
2786
12003
4563
28184
13370
21105
25001
854
18817
27097
4856
4379
8800
8949
15805
10940
13032
22364
29639
32546
366
31460
1316
23408
11929
21349
26841
16613
17337
24000
7638
4613
15194
1056
6184
6899
30746
2432
3697
31010
7607
20078
15253
9772
108
21262
26807
10754
7806
6753
21348
14406
22546
21191
17421
15605
22849
26563
26811
7241
27246
24831
18430
10718
6871
12944
24614
6931
31083
25210
18102
30899
20444
10103
23574
21461
5108
25844
26504
16896
812
10333
12125
25747
7291
2970
24937
32612
27756
8410
24500
25256
24435
19343
17778
11283
3713
10937
14390
9024
14806
30824
22882
13650
26135
636
27618
21468
20384
8368
538
15102
10267
19415
18460
25297
21073
14949
15903
8197
4161
9776
30509
14281
22383
8056
12315
27371
16255
4389
21182
15425
16130
23121
14684
30279
10896
8454
18017
13321
10775
16969
9299
28996
6258
855
16904
26056
318
26670
24343
12320
12521
21327
15500
4981
2827
21187
17888
19632
6906
15964
17960
17119
4761
2877
32140
5850
11120
30876
11003
22054
7682
31175
24093
21785
9050
357
9609
29759
13544
4607
27961
21757
32395
14271
8506
16756
14063
20343
26792
19368
21017
16100
3290
26594
16960
565
24794
1619
15071
12999
15640
28665
10760
27443
25439
27335
23547
11402
24327
26880
31991
10463
13677
18404
27984
5894
31392
24974
7106
29596
7773
30237
23045
21319
1342
12306
24481
10815
16942
18425
28420
11534
1056
2892
20690
11924
3073
19092
6524
8013
16106
29393
27924
4567
10395
22044
13664
26798
549
26507
32301
4411
4326
28245
27621
28685
29114
29750
100
25190
9328
29461
8712
30969
27515
1509
6407
20466
21482
8393
30470
10295
31131
5243
7399
9709
23467
24814
21218
22591
21808
6962
9943
28250
3627
27289
1250
15804
30904
24856
15921
32175
11912
13039
29202
23568
17041
4492
3408
20309
23300
11693
21440
18895
10112
9414
10263
12843
1925
23970
1534
17727
29995
6220
25193
17668
2068
13616
26148
6366
9375
30590
13998
17188
11102
18127
16715
20444
15563
13323
15445
8390
25910
17802
21203
15005
17666
20089
11853
30617
2321
21888
21214
17208
18301
20129
394
17214
5257
11364
5330
4602
25559
3121
2950
28108
2523
509
13787
484
29071
18217
14525
11340
23144
20646
23398
25897
12937
4190
21296
11070
24888
26063
423
6577
5518
505
22755
2834
28018
17019
23061
28057
2248
18425
25183
11439
23781
19392
14825
21424
23622
30893
6449
19952
18050
19275
6306
26620
13438
15675
15977
30242
13536
16345
7812
17459
3270
18972
16667
12935
28855
32190
17172
9282
18906
10141
25826
8918
23397
8034
31645
23241
23641
19040
30808
21945
22893
17855
31151
5533
29511
31705
7071
30029
19698
10468
31131
29253
16013
4818
5851
17317
8256
30837
8440
25213
16757
31719
16566
26440
24644
3113
27936
24758
13614
4618
29915
1967
26383
25674
12724
29844
31566
18176
6779
14792
5719
31289
10004
1903
8267
7138
15051
15477
8693
24808
2280
2258
28161
27037
10115
1293
27240
13662
17562
25343
3631
31091
12641
7130
26449
24374
14297
16234
15610
28023
28324
18586
8693
8480
32536
6969
2920
30997
4498
3838
16319
31070
21517
11210
12774
27016
20211
31534
7355
21064
31794
4909
29379
32354
21651
15939
30235
713
18248
25766
3250
4616
20419
6859
9398
7904
7631
31020
15692
4659
985
8521
26500
6177
8078
5100
21388
18544
28844
15538
15908
11825
21009
22215
21073
29344
2329
3825
21334
12109
24358
1744
8928
11129
31104
7524
30593
2243
25440
8399
22367
8964
32327
19804
11054
10103
19604
15809
32091
10013
19030
12449
14730
10335
18527
18261
67
31734
32154
8684
25320
22792
17054
31856
7147
1171
11138
12651
5949
2063
29683
17834
24330
15183
29061
24897
16547
9641
71
22992
15804
31318
7578
12804
7639
13339
9539
12896
13312
5161
25790
32573
11451
2115
30933
20495
30779
15390
10610
11243
9428
23053
14258
20294
15795
16094
21050
7936
461
9470
9166
19617
1813
2788
12320
4066
7666
22701
29413
6511
2288
2308
29998
8939
23734
22853
19702
16436
7224
17634
15095
21993
25901
20485
23235
22826
16580
25975
6415
15519
27794
19392
25682
11964
12239
30096
19343
3395
4291
12637
32622
12810
32379
31822
27026
31998
17088
31832
20007
16232
20554
26023
11194
27759
16688
20287
19790
13022
6563
15075
17068
25640
8924
21557
13050
19626
29267
11040
15759
24879
28978
28019
23814
26041
30729
25550
145
29055
21187
13762
20368
29746
16601
14644
19299
8324
17861
20738
17276
24555
23994
7914
20408
13218
27282
3239
17647
9970
27912
28764
22474
13999
24103
20534
25044
20997
15618
2381
31956
22645
9382
24012
26715
14618
32333
11858
28057
5937
9172
25240
13684
6104
1647
17747
17628
15638
11676
22364
4952
29212
8789
24078
28645
11466
6794
12527
10241
18549
30926
2707
9475
32232
29777
24766
29613
7336
32014
1993
27140
27005
12357
9543
24415
17965
28972
13800
10943
1675
31202
10909
23390
5808
30884
24828
24459
22153
3395
31463
3508
20114
15061
22888
17349
8672
8619
16096
4273
24933
5508
23649
7245
9328
25600
20056
16741
2675
24408
19567
3594
2569
331
4273
7721
12599
14940
14831
1122
15090
16698
11619
13590
7650
30336
15252
10178
30822
12446
3193
8844
32216
1047
5857
25628
18706
23534
10003
8109
14385
30298
14513
32612
13721
6593
10210
8416
4665
5604
32175
16402
21776
25944
23470
1103
9199
821
19166
9123
10625
18706
29139
20585
7306
26928
30227
9496
19564
22773
3263
608
22255
16284
32374
4982
27457
15660
8822
27820
15932
7590
5380
30788
5096
19587
11535
9606
577
7261
29968
3600
20794
14061
11060
1390
7169
18741
3261
18154
6021
16382
28837
13733
8758
10373
30085
25319
267
2418
18102
20148
28106
18441
15542
5792
23172
28068
23757
1764
3678
24929
31728
16816
32664
27160
2277
28867
3783
3216
16808
13626
1893
6642
22542
18853
2444
637
18856
2656
16639
16508
28394
22561
3434
28533
1420
2253
32747
25508
14897
23184
20944
21927
30023
7468
14499
30331
28462
1425
15204
32679
20380
24495
27925
5047
23616
4744
12412
748
31397
10889
26916
18482
2394
24090
15781
21074
21584
16500
20261
28009
10371
5810
2591
24729
19164
811
29795
5118
22102
31488
7262
21220
17761
14833
3484
32311
10884
10357
28299
17210
23621
26633
11138
10876
6221
31176
21249
4873
25032
13116
1851
28125
7947
30068
10449
19870
14969
23126
7905
7818
19111
19511
24639
6830
1470
15273
8706
20056
1057
26516
20291
16592
5712
27529
11809
5443
12813
2130
22024
14336
15037
23246
23348
27623
10512
29948
21360
19485
21988
3413
6180
5637
27751
14431
27022
20332
18300
24703
22352
7428
15969
28686
4651
23828
9358
25008
2826
23149
224
10977
834
11168
16374
13521
29208
4718
26076
22386
25476
28544
742
2767
13364
7769
28639
17055
20180
19848
5475
10266
20109
10018
17034
9739
10955
23919
22215
31527
20548
28644
17167
18077
19254
15441
9789
17134
26351
12380
2229
8959
26259
12078
31559
17773
15130
32620
7511
12832
23192
21865
20027
5667
7361
19866
3557
12722
16556
27466
20674
27797
32727
28558
19169
1197
21100
7292
30296
2765
18626
14488
22756
8651
7719
26255
19663
13270
26845
9512
20759
4617
2914
2935
9420
12865
19188
5460
12730
32556
12117
5131
2632
28323
4044
5973
32416
21050
29036
25223
3344
5653
6808
16906
12720
25085
32711
21771
22854
20658
28037
8051
31590
12675
5051
30746
8158
2077
22063
10039
21329
16033
1614
18716
20257
15865
27178
18720
22674
24683
13503
2268
6957
29294
21370
1946
611
13757
13564
7690
22131
6827
27931
8759
8334
9142
23081
1978
6712
10078
12153
20525
11249
25656
2336
24547
16149
6974
27897
2774
26369
9321
23788
28129
9591
12674
24175
26672
20036
13109
6988
18676
19999
5223
32677
1371
22741
16329
31030
2751
17059
9133
15323
286
2275
10265
12114
4554
19948
19226
27201
1633
19507
22363
24187
21504
1206
26870
6783
26292
11418
13450
17474
16689
7698
17550
12590
17607
20612
8421
16234
13713
7143
5298
21596
20208
19312
1645
9324
31799
17261
5687
10251
2472
15985
30314
25076
24992
26033
12917
23218
10766
18606
22503
30051
22057
30740
13769
443
99
18402
9777
12108
8344
31948
5652
17924
29324
26846
16220
18423
8340
15201
18746
24670
1683
2050
17086
17376
8488
18737
11173
26129
32038
25032
32626
10297
15173
25069
30400
25942
31767
4921
29398
32612
18493
4122
18300
20955
18650
27253
22285
11642
25672
9616
13518
16707
4874
1840
16766
5319
258
1022
30254
30627
20196
19247
20819
2635
2027
13668
6682
17414
8139
6863
28155
6714
3302
21656
19601
11498
21186
28031
5545
7293
4283
17858
11673
27841
26869
11841
15315
6447
21397
16096
14265
15985
12849
27693
14259
32033
14212
8259
13951
31188
30567
23278
17097
7767
13053
7439
19708
56
13613
9026
1879
4232
21333
13247
3139
30944
26172
894
16100
18850
20297
30367
6638
23937
24051
16392
24762
5700
10617
9296
26265
22214
13011
25564
24680
24130
25320
4167
29796
26829
14593
20743
31808
14628
15742
23374
11637
28584
3272
8495
7130
21159
3718
31746
19060
27613
11540
22025
16015
7995
8496
5972
18701
7911
9719
23009
31231
24707
10513
10504
29298
30642
19240
20502
2187
31192
17566
31801
29143
20258
639
13724
26588
5319
4020
29650
31476
29837
7802
20856
1883
5518
17939
8982
134
2620
18619
30023
1718
24483
30174
13850
31438
12782
31880
3511
1121
27181
16925
10822
15888
2389
4426
780
31763
9352
13627
22231
24853
30359
21775
27037
13637
10950
9097
17760
13226
17615
14088
596
16822
18985
7609
23108
17695
4233
523
2866
3050
21930
29539
19774
31433
1098
10002
24521
30118
19061
17796
29145
13952
25861
6073
27071
1654
17514
10489
20472
3361
28327
12484
24914
10791
17053
22793
3151
3341
140
13464
24014
32589
15319
31192
8424
5289
6663
21949
13849
13758
787
27381
26016
14556
9951
20834
12584
32021
31746
10701
26791
15252
7116
6617
1671
817
8072
17461
5892
4674
25342
4374
11989
691
20540
23269
13582
31833
6294
21300
1093
24963
32492
13303
9971
10706
5931
4337
13086
24395
7958
23916
2357
29099
21575
31277
31292
21498
27504
24487
6440
6243
3303
14447
15245
32323
31330
32752
28022
9856
16895
31072
23700
25116
8839
4851
32412
20234
1267
2382
30442
14144
12079
24382
32618
26125
5151
32170
22712
26541
25824
4038
1414
26395
18256
28554
21823
7718
21968
13923
489
3015
19528
17960
25936
25778
1644
24143
2401
29227
13118
4449
6100
21275
25044
11947
27918
21347
19292
29751
21061
19824
32349
7418
8933
18959
20288
8015
24882
21123
12814
12196
32303
10454
24955
23411
22719
23148
30500
20597
14347
24798
22805
9234
17699
17669
8334
12059
18408
30804
24071
20923
11049
22635
24177
13227
3084
4330
21951
21670
22704
20355
4773
285
16912
32340
8095
32555
1323
30835
30006
1995
20322
27850
8575
24649
16929
25381
2276
10230
22977
6025
9254
11808
15277
8136
24483
25665
12228
3922
32725
16503
18687
3406
12060
9268
340
4329
6333
6967
19674
14318
13610
1723
26669
27544
11140
2286
26132
18340
27742
17572
16481
30633
27076
17741
28697
32428
4219
8996
20693
7407
26251
14250
21352
18443
29435
30291
17346
26942
21212
15743
9749
22022
8073
13227
28470
14063
2604
1257
7237
20649
20612
5261
28048
25437
28390
30506
18613
5185
13186
18621
1543
5483
5864
13095
11571
32739
32203
14561
25892
5115
18436
6123
6947
21475
20697
22789
9539
11384
17536
24354
25596
8285
28383
2842
10006
10573
26518
18335
22984
17327
16191
4466
14882
22635
4596
20438
8104
30973
8978
4422
5440
8648
26173
99
19022
30380
6565
9520
7965
11738
21895
18049
20609
7399
13558
32689
1722
7200
31707
24212
19356
13342
24123
7596
11245
18842
19640
20128
2063
15234
27227
2281
22494
10059
3984
28879
26076
18314
32370
10900
17804
8382
11337
3567
2331
28784
17489
11708
31301
4735
18366
2033
23159
20661
28412
29140
28209
20637
12347
5227
22447
5017
3883
3380
1224
15663
6660
1815
13334
5028
14282
24473
21847
28364
11215
11346
18707
2336
29305
13473
17280
26385
23365
13214
22178
18588
1036
30288
26550
22815
6534
10785
5073
4459
268
28558
18373
26
20386
1315
3908
27683
12852
7847
24392
1451
11040
15508
24497
6430
18677
6090
30768
30847
14970
30083
9317
3836
25587
30602
21316
21190
22943
15528
21949
2335
25477
25951
8348
4277
28273
20699
26030
9774
3641
9766
18469
22276
30020
32155
12349
5779
1357
16029
544
10608
23909
1417
15367
23293
2359
9704
16291
12602
13712
7402
19131
4830
3615
2064
25366
5031
10361
29736
14747
23278
8287
6270
18615
22654
18756
21073
12799
15270
6410
29828
7959
24717
12301
16278
10706
10182
8802
5588
3994
27684
26209
16333
13331
2768
3168
21767
14075
12696
9154
7408
8533
26506
28977
31767
28102
962
23079
16796
28735
1664
10675
26854
24796
2174
4730
9107
3596
13440
4604
16309
31219
32556
6424
15931
26380
4380
7634
11693
6163
5938
31317
7453
18210
27947
15668
15194
6170
22135
20213
30310
2628
14664
4304
12074
11576
4074
22708
21865
7422
1106
28299
32755
2420
27129
28351
21787
19695
2539
13821
22378
22053
29978
14905
27285
26955
20729
29938
9389
31866
21062
17079
16278
13143
23079
23530
16058
15859
27001
19140
7422
7920
24165
665
5878
7398
12340
31837
25940
25348
7524
31848
31655
5371
32763
25974
8002
23063
15387
15602
27257
9135
31959
17524
4116
12992
13125
19592
29437
8405
3028
9393
26172
28714
19936
19629
10533
26384
22916
19195
29648
14995
14256
19611
10186
19547
28795
29205
30986
32720
7098
28092
8999
27266
24529
22324
32456
25543
21193
22578
2907
14246
29091
5763
16650
243
8684
32592
16106
28348
29074
22432
10614
30948
2294
13854
19773
18446
834
18973
22999
21692
8445
5081
18717
440
2269
29183
18074
13748
2780
10352
11068
14381
6541
17474
24911
21909
28081
264
17580
3760
2054
4948
21294
22335
1375
31866
16742
10204
30969
19350
18320
26405
16653
28624
15045
28188
2466
32734
18034
11214
29093
6859
23048
11315
1595
17911
7925
1622
2134
27744
2772
30133
12423
25375
25056
8939
25875
5942
15791
24460
5704
18568
27677
22865
13585
30249
14982
2165
30665
24536
312
23902
24909
16586
807
29056
15957
10154
30179
16255
3332
4061
17864
9875
701
8202
27252
15665
9273
12762
24447
14056
9174
1788
5478
24969
31282
20333
28359
32138
27897
25846
7636
30124
30715
24566
30210
14812
19586
26977
1537
16727
23266
28169
3569
30738
6737
5916
9683
7001
761
11246
10301
18870
28236
16633
13650
18964
20888
22563
25074
20004
1755
22079
26414
13312
6104
29141
26111
2831
16234
32550
4919
24616
5401
15723
24503
5370
5867
2398
28899
18091
1404
6395
32083
1983
18001
9352
25035
28988
16490
8403
622
20235
26390
28347
19502
27554
26380
9201
27271
16096
10678
20736
1389
1080
8912
26763
7043
31762
7218
11222
19597
23662
29674
16521
10280
13515
142
21424
21689
18759
4049
28165
8867
10503
13139
23922
24509
985
20414
22482
32515
792
8718
15096
26763
10705
12080
3570
1467
35
20943
10126
23994
3564
23147
7710
22052
26786
30123
25721
27650
22654
19700
14402
30969
22752
5434
17773
22721
30703
22
8958
729
22911
17177
3348
27769
24889
10593
39
18121
18421
25449
6542
27984
8299
2341
24900
6319
3851
591
24811
10639
14633
18684
11281
8152
12125
14962
15795
4643
22314
27197
20223
14707
6109
11136
2910
25887
20152
17546
17842
27411
20048
169
4828
26681
27956
5187
28034
25905
26575
1826
18191
13128
6544
6416
10747
5544
20808
21668
20812
2764
17619
17499
22877
18999
26618
32234
28126
19046
10904
30675
6428
25347
25084
23863
6274
24411
24975
21483
23136
5394
1718
26830
2284
21269
15354
5721
18055
15569
14183
6519
32577
26019
30769
2199
29598
16527
18334
24832
24731
14388
16671
32357
26860
767
9664
12474
9096
1952
32451
25670
29543
26042
21384
4088
3210
30431
30385
24062
19005
23483
11907
17044
15001
27023
15502
29978
844
3042
2192
32618
925
28275
29335
22376
22442
881
4198
14043
8436
14830
23066
9595
14366
30866
2573
26954
11250
12428
13307
20776
12709
7374
22371
3490
27228
378
28976
3084
8686
32663
20633
1999
27372
20745
13126
17923
15327
192
27828
12097
29136
29487
7386
15282
23566
21248
14861
25964
13611
13830
29217
5375
11592
3699
9937
15434
27026
15435
2400
5012
7437
21272
6529
11480
7825
26592
2933
20831
8210
31572
22899
23956
27428
21578
1100
3861
18109
24173
18255
30982
27197
24883
17258
4778
8621
8976
26003
5172
1860
19690
3174
5594
30256
8652
12560
9516
6803
24286
5995
17572
17099
22421
18794
2430
22006
8743
25016
19401
5045
26690
27036
7359
305
12285
20000
30546
10076
12559
12402
24327
1658
2622
5514
24839
25311
27419
14605
11124
20218
1517
1906
12025
5778
24043
867
32421
28496
17838
6758
25081
4734
8677
11452
19775
9230
17483
19593
13342
2782
29398
30774
27244
7738
28465
21524
1859
19619
4717
10050
32343
8142
20724
8144
25478
16880
15038
8740
3249
26681
19399
10141
1483
18078
8384
28791
2863
28892
25604
3311
32311
19642
1743
423
2058
31118
6826
2891
24245
20738
24362
17781
24702
25880
22490
14542
31092
8044
32374
5239
1867
26042
25946
5799
12135
26527
24121
26773
23351
31140
30994
29080
20164
8568
28512
25996
3466
14205
20370
4729
390
16774
31930
12655
6288
27360
22153
16052
19435
15759
7547
7458
17947
217
26447
2250
6902
24841
14266
7389
17918
17517
4444
28877
25326
29089
4851
4271
21651
27407
29903
21732
19933
9143
31366
23800
28982
28972
11496
12746
31250
24287
28725
21229
9416
18080
19086
13135
18592
21090
28330
26904
22573
19263
24266
5333
15325
22972
15343
17366
15054
6989
5450
20948
26083
12572
19444
3544
14616
11270
24287
9815
26386
31206
13069
8354
763
14359
11263
24446
31884
3892
10353
32014
8811
31778
14148
31738
7864
10833
6332
5066
8674
17214
24555
7315
12224
22333
18541
24022
17117
17269
5206
17573
14867
14636
1641
17671
17499
19013
19595
27294
16099
7942
28279
23687
14689
14623
5298
22658
5288
26600
15298
26963
28536
20971
10139
23656
21915
14242
11098
15035
25901
21378
6453
18682
24124
31544
28338
21222
20625
26162
4376
17913
23500
15713
11811
24395
13751
22589
5372
28854
27348
19210
7016
312
3384
10842
25408
19610
17820
10196
5153
26191
31410
27699
23908
927
693
21138
21585
12549
4932
26854
655
30421
25456
22988
14559
12577
13332
9093
31243
7902
12901
16446
4632
27715
26825
9109
11715
15474
12781
12634
1580
30298
25105
4498
29900
22748
6823
1474
940
6700
31773
9066
19929
5755
10743
6095
17427
20947
21792
22781
10693
20802
16514
26637
24122
3898
29652
2212
17933
3896
4275
4540
26849
21668
32245
15271
5971
16632
23866
3920
11565
7461
32451
23237
17372
21043
18312
20210
26917
5415
15748
10927
11795
2601
11860
5886
8756
8934
9216
6285
3845
15412
7193
14979
1962
16116
13572
22137
8418
18493
17813
7621
25915
7351
4832
18431
22914
27460
6219
2750
9598
8934
5608
16035
13534
24541
22786
21913
25711
13327
29430
1626
3986
20141
21060
20790
4590
18196
29158
16912
4450
3825
4833
5033
9277
20393
13337
6177
10162
14072
15465
2746
23174
30424
2803
12000
4108
31908
25013
24678
3923
9085
24158
30995
29342
26093
30047
12125
6932
21194
9028
21108
3257
18781
18501
1922
18077
16580
25112
27697
27476
7829
6154
17007
19877
24772
19790
2414
13702
7879
11669
10222
29001
9719
26591
3006
1808
13626
2960
25216
6790
7135
15302
20398
23249
16329
11498
17370
3266
20176
8325
22842
1359
8036
21333
22883
10308
1139
4513
20565
16181
6285
26057
20664
15543
17479
5409
19813
16336
989
24319
11304
27563
12315
12819
30148
26512
20093
19447
18232
6932
11413
30471
26689
31373
19117
23155
11040
30665
22958
4243
31133
27392
20544
30586
13132
2054
23347
28621
16655
13253
11550
32214
476
19947
28997
212
29889
17120
26048
29845
17445
31227
24794
28999
5712
29685
17848
23948
18222
11678
11323
1740
28495
6862
16422
5071
23603
19871
7044
1419
24005
7641
8260
14906
3365
25774
5415
9904
28842
8360
2524
14828
8488
5599
18025
7917
21614
15983
18892
20679
28947
7977
7138
13557
3955
21641
30345
12273
3060
27624
2561
26626
3726
23795
24729
10837
11146
14172
9607
9808
393
22736
21271
29475
30921
16168
3080
5024
1956
19171
9266
27724
8281
1492
7277
24502
11279
16920
5551
1287
14103
9547
32628
11483
12914
29691
1379
10319
28307
12637
46
1627
13157
26431
28090
15203
6544
10814
13440
26376
2297
11833
13875
11332
135
32518
30114
20406
2861
12643
21473
4154
1573
8239
10403
28093
7289
2522
14827
21072
7112
8730
22244
20858
1607
27615
6668
29139
1542
28554
5784
13518
9589
8537
29973
20695
28966
3110
17227
20894
26324
5202
31590
4786
21925
26364
1624
18513
5036
26998
15737
2687
11442
15609
12144
5717
28214
10903
11351
14748
29874
2930
23834
7322
7712
300
27168
24108
1469
4766
29998
13845
27917
205
27272
4502
13855
26649
27993
24127
21266
440
25428
30468
20184
6499
25500
26515
21306
2895
3297
31205
20508
24159
1740
16915
10243
20120
12958
7276
1492
23509
20244
20932
16351
12476
5005
22030
27675
30192
1646
21806
2483
25992
4806
520
25538
12993
8494
23517
4443
6639
14324
24023
14029
11450
26232
19682
27685
11910
32725
6078
27892
5427
26820
32082
30034
519
31934
27972
28706
18152
20065
22214
23192
19407
18197
22963
249
26745
27119
3546
30882
1632
15830
21658
31564
7913
8932
26799
1934
27103
5902
8267
27299
20512
11784
5480
5998
30358
16483
10333
28347
30057
5625
4272
23752
3955
3978
28716
28676
32245
5031
7219
19734
9352
17103
4437
9249
16726
14041
17697
2887
28041
20881
19002
25196
516
24230
31406
9276
13393
3268
7300
18543
32731
509
13460
6987
12126
3949
31644
11883
6811
18462
10639
18112
27728
32553
2864
27605
1127
28958
5600
31831
19054
7334
28084
27604
1095
3687
4555
3523
1313
9256
8927
4549
18599
2870
30745
5418
20086
32262
30250
28087
18901
1307
23703
4518
31136
16170
32084
16623
15494
29821
4757
21446
13685
31125
9953
21093
5201
9491
17256
14859
22252
23769
22678
4933
5683
32364
5352
15724
13221
9884
7679
4975
31498
7272
24563
19922
3169
25372
26345
17911
8730
14268
30440
32413
1925
32165
21992
5542
21387
24178
31788
797
15260
8477
7890
18807
4840
31846
18601
31513
18898
26745
30018
14619
417
13259
25162
3916
2169
24389
2838
20854
20875
1444
640
24035
15752
21024
7922
26911
18267
19019
11456
14080
26903
28477
6843
25828
19758
31214
21763
10554
8165
14051
16924
11332
5380
17677
5700
24090
30162
15342
28932
28147
19264
31997
30982
18080
30821
13388
27174
13401
22826
19560
18891
6076
14663
22912
13688
18963
14190
16330
32670
5846
26821
6435
3765
28273
20634
7670
12938
13894
83
5470
25563
23030
29603
4239
8737
476
32004
30066
25517
4827
22113
7311
19446
23386
10770
1584
7218
4492
10254
27331
4643
1781
31580
10881
10548
13610
13259
24653
29124
2008
30691
7135
29378
2055
4891
1825
18810
19616
13389
31449
31662
21549
28774
18057
12265
11233
23906
12179
16400
2008
22904
27553
23098
12447
21137
6724
9153
27127
8703
476
4762
14038
20588
5047
28897
7855
22032
31613
16056
22515
11048
15819
26194
31704
15523
10782
30283
10073
6430
9203
22075
11646
27154
1836
10634
16093
3404
11190
21638
10849
25246
19561
22450
6986
8661
21807
30049
30837
19690
23657
21892
18654
4733
19342
7105
16739
13438
31509
9157
24523
18222
17814
22490
14086
23622
22060
21948
20662
28277
13853
21928
18415
8464
23997
1975
315
10246
19599
23402
9186
27666
27822
25990
14440
16180
17771
22562
4182
13665
16696
16638
23358
30074
2757
534
3321
5755
17768
14455
31027
23797
9410
1362
18474
27838
10144
27983
10418
17126
31263
16931
25469
3054
17172
19045
13209
10805
24746
7069
2106
179
22605
23199
5050
21993
32199
22039
19422
25368
5545
12132
16219
25522
30445
1450
25752
14606
28633
22306
17846
30303
29223
3253
11726
26855
19042
25546
15225
28776
26259
10844
31894
15324
28701
335
30535
15973
15590
6404
17469
28807
23479
7211
7734
12693
16358
15576
2755
23913
20530
6105
79
27224
23790
25160
11613
9062
16738
5468
17681
21173
13422
3204
29938
28740
3184
18871
26606
10454
31336
21509
31391
20783
90
25715
1228
6534
9972
21765
23603
5432
13937
1564
29829
27322
30397
11778
16563
16337
15066
18116
14696
13829
15234
3648
11478
2899
1294
19582
15286
13090
31894
21572
10122
31608
16474
29156
22054
4718
26464
15449
11886
32737
25695
31890
12897
26475
4060
7950
31319
9873
7571
25513
30086
9022
280
16310
5067
24177
1470
9805
15528
7986
7608
10982
14217
18890
11390
12839
26955
14131
20595
9467
2814
8398
28612
23012
15850
29780
3219
10386
8401
9231
9301
23476
19060
18250
7800
29966
19800
7942
3657
30668
10442
21230
19478
11542
19233
31373
10639
5860
2371
18111
17778
1300
12139
24421
17000
186
3881
18781
25898
439
11946
26802
24039
8845
32057
29455
16618
18033
12550
26234
29304
26018
12838
22590
2551
29690
14044
12329
28758
5570
29975
9208
15784
5835
3387
1808
6674
22458
4644
17007
9704
9636
21097
2273
11539
12251
18141
7031
10678
4103
19036
12853
23057
6264
32452
23819
28069
23738
833
28935
3480
10346
24526
21960
17500
22601
18936
18230
2188
18831
9957
24432
28438
21378
28310
32006
18591
32582
21609
22889
11811
29175
22754
25503
16604
15605
10410
13115
8550
2175
27864
10125
25120
19588
28784
1814
30933
2997
16169
13118
29596
17631
8564
17482
29948
3704
6585
8584
15188
4216
18148
27084
14202
20586
20512
16416
30371
962
15842
20664
25475
23665
25642
8740
8885
951
16902
1737
3676
14136
31319
17042
5387
15443
18903
14563
32738
7599
7771
14031
25594
26390
13142
11658
17156
21383
22431
28961
7980
8582
16500
20328
1604
439
3518
4916
22558
21419
25494
18379
19513
9466
15625
20633
31392
9874
23576
10533
27664
3150
31491
24899
30041
2763
8904
10634
25094
26487
19174
1032
12864
20202
9830
27957
28656
25978
16924
4390
24356
17929
22571
24835
3508
25378
31943
7355
1573
32325
2111
9462
10701
10622
25146
10572
30264
1852
4672
1716
14795
15457
14717
27199
31655
18582
22978
3078
6865
14561
3533
5728
26767
26745
5834
3417
16917
17369
25370
19040
28000
16915
29266
24640
15715
2151
14983
31570
16737
27668
29385
4592
922
18030
26349
31020
6953
20273
14480
12738
5421
28949
12632
332
31015
19618
2685
11189
27811
23878
19848
24816
14875
29861
12891
13034
16152
48
7794
10173
1434
19705
10600
15398
3258
15813
19133
27193
1166
10083
5334
2131
333
18237
8517
5201
27059
2093
4683
16127
9383
2450
19867
19411
18972
7330
21601
6364
23349
11266
23683
25333
17836
16788
3879
6718
13940
7824
4213
23245
32669
6614
13470
23968
5497
14466
1565
30166
26365
13505
317
28191
5481
26340
10459
23154
20268
17587
22637
12798
20993
27396
30531
17762
22623
25996
28941
25888
30224
10484
6046
19535
10271
29487
20975
9105
7160
1548
15463
12357
29131
28679
7769
1022
32305
22373
22735
16435
20242
31616
12934
16952
30662
24671
9529
19308
26746
22665
4130
31157
21718
24859
29631
9257
28125
1049
6866
28686
29460
13570
21675
12805
24294
23463
9385
28546
12871
316
2815
5247
9112
21424
19124
12658
13514
29498
20718
21884
29895
15925
8559
22755
28685
3885
27744
11202
5276
8506
12621
31999
3347
3724
4978
19838
22294
7496
17205
17300
6386
20115
8435
21183
31364
25579
31999
2964
1367
20158
6376
10232
20492
15925
19963
10131
30975
16209
32009
4226
13351
9018
11115
10316
28734
8148
28994
14616
22306
24210
7427
14109
11644
28047
12340
23129
21919
18139
6512
134
31155
25106
20401
27466
8466
1076
13007
11950
13554
16816
21827
25553
14405
26306
4913
29662
14045
14847
6822
3899
12244
19759
18718
9475
32555
20570
585
28343
2737
6950
25614
25648
13862
24672
31697
11224
25249
16344
24817
23322
32047
10866
22677
6935
24765
19578
26281
1435
3896
29240
28707
20047
1522
6852
21131
3120
12616
11548
5306
14143
17282
884
5346
11898
29434
16589
22478
23052
25473
9417
23915
15809
16126
20926
7816
4028
16728
14601
6106
10092
15254
8613
1603
22716
21061
31996
14419
3978
31514
32252
6416
16219
32217
9838
22514
31565
31861
16003
21042
19021
18041
27312
8517
2953
31654
21436
29347
32552
16862
5400
3276
18233
4673
25966
9613
29930
24981
11644
28031
30203
10219
291
29906
30322
2943
11963
19784
2703
13025
22698
3460
13570
594
19765
6533
7516
18545
4246
21614
2756
7703
19790
8072
30443
32127
7868
19081
19778
21674
27119
22807
10858
5889
14521
16776
12267
4669
19204
2284
16426
2692
21097
24653
13973
25044
3071
10037
28705
20133
11377
30577
14326
26058
21076
7701
27752
31641
29367
9664
28714
8267
29691
22049
15294
15270
27365
19642
9008
3033
11761
4836
9220
2983
13033
21780
20333
967
27319
8028
9408
19339
3960
17205
28711
31937
6353
19067
410
7895
19078
7097
20491
3394
4424
13223
23777
7455
8655
6129
27560
17947
3625
26426
25095
21137
17746
10849
25586
23283
12548
19203
32
4203
26064
21313
192
6850
6510
23235
13416
3456
21330
17660
17230
14421
2943
13488
25786
22199
11168
22708
2235
25293
9813
30198
18970
3980
6347
21181
15500
11808
10895
26417
27435
653
8100
30493
6951
19350
20691
30964
9913
478
32322
28178
1113
4685
12360
4165
20017
6069
6784
30860
24017
22453
13596
8990
20516
1758
124
29870
1443
6165
9984
9454
29384
6968
28954
12882
21702
28421
16295
17174
7799
18999
127
6018
12694
24561
20810
29037
14382
9056
17558
5376
12882
28317
32039
18108
3087
4304
5006
27326
20383
1947
31230
10562
18399
26550
21082
15463
9988
14550
27282
19250
1417
18644
21296
30164
19819
14859
17454
30512
26009
20738
17419
32664
12710
17739
17694
11479
14786
6570
11561
17269
3816
16250
31537
3382
16217
2381
32653
228
28488
12499
23102
5966
27095
29693
13182
29073
15938
3425
25243
13462
15706
3041
30470
15836
27446
19847
22439
5496
14629
8628
27764
16730
7142
22138
1602
24017
21020
13638
30939
8018
28412
12994
6992
8565
32073
22009
8849
10048
20098
6845
2618
12456
19034
21317
32688
2389
21096
19739
877
13478
3616
15670
13464
23285
13058
14178
31449
7196
7441
13545
619
27447
19335
28268
15987
22444
5575
3346
26000
26473
11411
30437
7347
26221
15231
14968
17457
20362
16037
24013
6934
12905
24731
5239
11453
15054
29858
8444
15517
15645
24864
25981
9318
27678
3665
26521
22605
7165
11577
19342
1443
13973
27357
2721
32685
17645
25522
26817
28336
12803
27478
28007
30027
10953
31870
25536
16393
16238
25904
9742
13111
10718
818
14412
10995
23948
9410
30224
390
17519
24967
22454
20468
19786
32712
4795
7377
12081
14812
6503
27989
1609
30689
15791
27827
11727
20913
31577
7591
31580
27922
11617
19022
16231
3117
12956
9787
12043
24642
17819
22215
6922
29849
3026
21928
6163
17852
8185
25030
31808
22755
7091
29258
21987
26544
25710
24567
16258
29724
16266
14525
13600
22706
29117
29067
20158
10491
28086
27238
1058
30265
22016
30904
24023
19543
22058
27626
14197
31521
5925
16436
30499
32689
21229
29620
24153
8745
19307
12734
22507
7080
10395
18548
26435
22646
490
7318
7405
10882
5858
3995
13402
15
31496
3072
16093
29354
14597
11232
32762
16991
12549
11717
24288
4396
13917
11198
4404
29366
12400
18609
25360
9275
17107
18419
16460
200
16559
17174
25340
1452
28519
29186
19257
31532
23675
14663
25637
5496
19117
29362
31273
8670
31330
9247
26241
5182
20810
6285
5115
2238
9539
3960
16635
3518
11899
30307
8899
18959
25813
24756
19953
21343
19599
12740
2121
18680
30241
11575
26549
1707
13672
24969
25226
1030
21507
8426
13581
13262
17150
31820
16438
30633
4013
29882
17844
31770
8155
22251
9520
4274
31013
29975
32470
20613
6048
13065
24338
11996
6082
6262
22423
15401
14207
23949
10662
14144
29362
9679
25997
16067
16063
23841
9070
14046
10614
27423
14657
14133
24379
12468
4636
5403
23652
999
2738
24069
19939
7672
30491
22078
25893
12204
13779
20444
9018
4069
29700
28146
24373
14453
1800
10247
3030
1332
32553
8647
102
26961
22444
11001
18659
3813
26639
31665
16733
5326
31374
199
160
24250
11244
19591
22035
11138
30831
32682
24288
26042
6701
16006
30293
25222
7302
1665
1419
686
18674
30667
30277
27125
20733
26445
19738
16551
22927
19676
11991
13170
19313
25011
21791
9590
3341
800
13908
18591
2421
11645
25787
4147
10407
9058
26842
12711
7440
5401
6949
10167
10830
23634
16602
27574
18746
8216
28714
22818
19750
29956
32665
28539
28259
19889
1191
26197
24071
20335
9648
18349
18156
24380
17169
1145
24572
31472
15244
14210
29612
12983
20462
2678
199
22212
27118
28985
22637
11588
19033
12157
23899
17553
25196
23698
18541
13737
23681
22911
5728
27358
6127
27985
733
16079
7211
31667
13491
1942
18227
2495
32613
25155
15148
1300
24036
21130
20297
297
2717
2744
2032
24289
22710
28651
23064
4703
12949
11907
15862
31515
24995
29396
21720
565
847
6685
9809
29450
20309
28606
14486
16902
4928
19109
2088
13753
1837
7946
8883
9772
24531
22620
26934
18037
16832
3963
15717
11401
31205
28967
7756
2898
8021
26809
30772
21249
586
25360
11210
11174
3177
15823
4222
32253
30279
14022
30250
32395
30251
28589
27124
28394
19478
23064
17013
2402
20224
8103
14107
19129
24421
23165
1739
3659
25344
12788
29131
12381
11735
12175
2784
10926
31863
24625
9139
24399
25473
5516
22649
1461
22629
23515
32467
28173
14190
30676
31731
3791
27391
216
17921
4246
6172
27502
5309
19503
29739
6127
1381
28399
10236
14723
13785
14666
25608
10571
6909
2978
2550
31200
5727
13661
3940
24317
3866
14906
32227
15736
4602
485
13379
30583
15584
9673
19730
18656
31080
20773
20063
18449
19146
26466
1731
24274
13054
25764
15267
20359
29476
11423
3247
6827
11042
15276
12462
22649
7311
28187
28542
23276
5328
20939
32086
11242
17024
13817
6991
15292
31254
27990
8483
21442
11713
30300
21556
8549
7319
32225
12240
27980
31983
28653
691
21203
9739
2761
1485
3001
31995
10328
20550
9240
10429
12714
19648
10907
20905
28879
5084
12523
28685
13545
20479
12394
28180
31877
3670
10020
8428
6700
8471
259
23847
1844
30474
8514
10850
22748
3145
8227
23077
2969
22596
4325
1547
6314
23815
25584
14627
2546
15296
14676
18581
7
29307
14193
8073
24199
10033
14839
580
4779
9217
27922
3220
10270
26813
10462
28527
8207
30120
8481
12759
16005
13182
15673
30976
16882
7349
11347
7093
14604
3075
2526
1272
27352
21536
9792
10729
1287
1229
18375
5865
1158
277
30690
22526
3153
19155
12433
16505
7816
10100
32282
21975
27588
510
26878
25062
11435
11857
15403
28713
14786
29102
31603
14972
21891
29813
7741
18683
23728
307
25210
18721
20710
13531
19419
24621
29045
1108
9025
31946
22127
15156
2678
27630
16895
22476
30746
13571
7164
26724
12256
325
19390
19911
2810
4715
25649
1795
9425
3209
22055
27242
16378
5941
7411
28636
30565
6633
6451
28745
4056
6056
3565
32369
32156
28132
29662
15598
29303
31392
5902
21877
2010
28114
12968
30041
22874
18955
32521
29520
9060
22617
26135
634
14893
4973
20948
5791
27881
19961
18739
23993
10557
6236
20266
29362
29430
10625
14344
11630
1019
20228
26889
13324
10368
10391
13863
12649
11133
12965
21044
21734
26463
25653
1318
32620
20221
25616
7346
16813
717
6438
19228
4012
18008
6702
26701
19839
27115
16525
18726
6483
31888
25209
8468
30386
23100
30814
8676
16129
27210
12672
19929
31565
8744
15331
12284
2887
8273
17256
28340
15756
29563
27704
27798
15658
25105
19557
27518
30816
17891
10447
26079
25766
20509
31045
4695
17389
18805
30701
17799
20264
8873
16358
9761
27147
26921
16171
26434
17427
29712
32699
32003
2758
23897
3063
32587
4412
6992
29259
12007
4318
20038
11280
20700
26478
5769
27569
21499
30280
1684
5645
29879
1767
1410
27421
21300
22698
13769
8663
12192
15320
13348
31570
16582
24035
17105
4394
22752
10985
13565
25382
19629
26752
11901
26648
20676
28083
3006
9733
16680
7240
1535
5510
1820
32581
26557
21614
4409
12978
25967
27565
4541
30879
28276
11381
30502
8041
2634
26779
21248
7482
5632
2623
8955
1231
30190
20143
12352
14206
4003
10377
30981
30839
8223
3360
22623
17738
16963
12577
24664
6057
14725
30839
6722
29807
21736
7531
8523
27618
32300
21264
19281
28469
18753
26334
21495
8018
6146
9629
15864
30934
9760
1925
24251
348
4444
26531
18472
23038
12794
19070
1211
23321
22386
30715
22998
7505
15720
27774
1116
5077
19678
25938
9083
7140
32169
3147
17865
9617
27681
1705
19603
22979
30493
27456
6513
24959
31263
25558
14878
12906
30667
32205
1671
1161
18590
28162
25890
21836
8668
19444
10625
7115
2250
2089
16679
4687
1566
8653
8858
14612
11700
24477
12986
30285
20098
4099
5200
30569
24270
5250
5610
14229
30878
15445
12775
20354
31345
12883
21710
29288
8236
534
24036
15435
10327
30812
3581
13693
22921
25261
22674
12132
31777
29247
19220
24189
7223
17942
32384
21921
10195
24687
18228
18055
15708
2911
5889
11147
15955
28856
17793
16045
31297
26924
12970
25053
1517
18101
30628
23670
4819
7732
6616
4616
23250
21592
29770
5722
29733
29121
19240
17071
8596
613
15779
12361
29419
1075
2557
15404
18860
10487
22499
30756
5633
28542
31998
11529
24564
22522
28613
21058
28898
14247
23701
7816
12589
28591
4355
5612
3634
2892
12657
14620
31867
2348
27871
14818
27189
21529
8964
22765
13796
11993
12445
20692
32085
5971
22022
29272
22740
25844
27655
21994
22176
9809
23280
18029
19100
526
2024
18748
17991
7934
11394
26479
19694
22411
19601
7258
6177
15449
15934
3415
99
10790
30807
28358
24101
30453
6890
14929
30454
31339
26131
6773
19188
30073
4882
12093
22150
7483
17312
4177
7245
19744
31620
12336
2903
9292
22625
1210
5526
4666
31698
6385
2705
5798
23480
27648
2650
14506
27859
16765
9408
31015
23440
18155
30917
17510
18210
12931
26707
9983
13012
16180
13354
18938
8606
10728
5149
31285
4086
5129
8062
16133
16360
28483
6615
17440
2921
22156
30682
6843
12521
30818
12443
5615
20007
30292
12029
18017
32073
24004
30570
22818
18476
7659
21960
24020
26105
7966
10152
14351
30457
24399
5824
16387
12970
14294
22427
22110
15378
12402
16527
28528
4179
906
19696
22924
17280
14265
24707
17074
32687
29322
24373
16748
31311
26752
27917
25846
21436
3674
27232
4257
5393
28564
68
9849
16446
20017
20806
17702
9818
28600
8800
7440
30778
15229
4133
8391
17730
3617
9279
5281
23675
26204
24347
16805
17382
20218
2531
20391
14864
10788
25773
2741
30183
16865
1266
6066
6348
16861
30785
23617
1769
32360
32564
7653
6597
11457
29860
7270
24853
28821
13593
11126
26070
25283
6788
3988
9112
30050
24625
8753
11293
22789
759
273
10530
18237
29106
19701
12413
22112
8691
15223
7784
14985
23797
53
27165
6112
22739
20785
10403
18972
29177
2680
12775
17734
6360
13570
7182
29631
18399
29914
266
13700
5542
8830
17003
25777
14188
5001
16248
836
1987
22159
12671
30244
25994
26185
8809
29026
32540
6130
12689
31166
24007
18672
6871
8045
17792
4023
13296
22041
15572
29675
21504
3626
20770
29124
22890
29508
27400
19639
16870
29712
18203
30035
2261
30528
26331
1641
16338
25037
3558
7535
5514
21123
8043
4646
16077
14016
28642
20859
30181
7289
24314
24491
1062
25981
19923
17835
2502
16382
17774
28103
30703
2125
24930
13193
28947
30693
21200
10972
896
17835
3992
25201
29236
7028
461
9570
32754
1224
19303
22
28821
15078
29240
3172
13477
29191
2082
18683
29480
3047
9094
1
26042
21378
15359
250
15072
9755
16209
12780
29338
11651
29340
15296
26935
3992
29654
21996
1133
14092
28535
30031
13993
6504
24182
25180
19620
7760
24693
31355
14647
3080
1593
8364
21360
7479
8284
8558
15077
9195
26182
3551
22088
24030
2393
21028
8252
24056
2156
2827
13927
12052
22395
24303
24265
5127
12188
24029
30540
2270
6965
11508
924
26984
4717
274
19768
24821
15328
11437
18890
1884
9623
17662
15284
20291
2615
8805
16619
10650
30328
16393
17416
617
25305
16063
924
31436
5523
3885
9156
1083
24779
1839
32254
16655
4363
26233
9019
20034
8179
3710
17462
23159
32556
29073
29699
11834
3998
32074
30955
2440
6371
1068
8055
31378
21755
27268
17355
4542
25665
6804
1333
5871
15773
1009
22534
9222
28412
10794
27041
18601
16893
1706
2769
6979
6381
16864
5216
23371
6134
1949
31205
2250
28307
31421
32477
5399
21831
3081
16893
4325
5007
14428
4807
31616
8725
29189
17756
5972
15654
14701
30865
26543
31590
10490
580
15304
15555
30770
30193
27391
1447
14884
31104
9830
6770
23299
23649
897
28455
8469
9435
9290
16229
13515
1953
8312
25242
29746
32167
5121
12403
5514
27699
30430
2455
23859
4919
8718
22676
27345
13790
9693
7961
25000
12645
21862
25447
28744
30252
11095
4610
31599
5901
27636
10156
28715
25324
10335
14227
319
15503
1814
8650
21448
9392
30141
3574
24352
10833
10270
32330
1027
13648
2158
3765
7920
24379
31953
13401
6610
20069
9761
4416
16608
18234
31723
12362
24258
26575
27067
15722
25589
16830
20890
3602
7536
17968
6100
3564
16008
14395
7167
25547
16913
6511
17208
25313
26310
17579
30640
7218
19179
11061
16744
9288
27440
26634
23608
24873
2265
7539
28438
29830
15132
20697
18581
5685
12234
14554
17580
29410
24370
12701
16313
25345
14147
19298
15045
3590
496
10077
5386
19929
2777
5828
32434
26244
18471
12327
2274
26159
2743
20224
30455
16719
31100
12683
13584
32538
23582
10455
6092
2622
30951
3869
18773
31186
2528
30802
1949
26253
3383
20728
6119
8246
29924
24377
5002
22363
31116
23094
29169
3910
5286
2973
29671
27693
26076
12153
21521
12713
1972
1615
24764
1385
5999
19814
25306
18984
29746
4454
30278
9948
31075
3877
14160
3633
14422
5821
26997
23093
29993
9442
31598
20565
27372
9842
3181
8584
6917
6734
22179
15050
11219
1385
8965
31180
6802
27934
10832
6634
17535
19399
1866
27997
2876
13195
7755
14002
6261
4983
7677
13946
1220
21200
32096
16708
26066
13992
6929
29128
1984
17840
25035
19301
21957
7757
5678
24782
13848
29422
12735
21248
23824
8348
28465
15479
23433
5075
27619
23713
27787
28560
681
6035
17958
10923
17359
7675
29088
5991
11867
20821
28371
2376
3731
14434
9936
3364
9663
6102
29128
26493
32560
849
13357
19726
5761
31377
22292
2468
13085
26342
8158
2351
7425
3302
11031
30489
3780
18017
3742
26582
2260
6296
26374
16573
27138
31401
21565
21014
28993
24654
10603
22388
3242
23751
21533
21061
6596
29205
16035
29351
31491
24681
12726
637
9870
2524
31071
1730
4677
15968
20756
2846
8451
1015
23331
19383
29984
12067
10068
12618
19515
24477
3273
21370
18486
13641
23338
30056
18817
20842
9983
12419
16028
30739
13661
16802
3287
26078
19141
11344
30301
11743
24905
10342
8560
13275
2544
3552
9462
5814
32092
13033
15925
7979
8106
28728
5083
1728
31642
16287
10817
11000
30960
10465
27888
202
21018
28869
29029
23634
3346
15976
22289
24775
31622
10967
26788
11437
1591
28381
25227
5707
18335
8986
695
3168
14806
18005
17825
28434
31670
32276
29835
29991
28990
17769
26888
29047
17204
32270
10686
3233
526
6068
17515
18174
28691
16793
2342
22227
14014
23129
2792
14027
2915
4614
2378
30884
1812
29306
10128
12328
13766
16876
5351
2655
8368
29634
2539
25859
22516
7078
16236
31284
16257
5852
17010
29805
9016
24531
18814
32439
22094
16378
28435
9500
25073
21460
30069
6495
1838
5455
30641
12266
6162
24658
11229
10504
27663
9621
6817
6740
29602
16309
28663
3186
12083
7816
18734
8444
3389
15534
9269
21695
29614
4968
21526
12840
30865
173
7873
2041
3562
21371
26635
30784
9441
29292
3574
29578
3107
20617
23091
29780
3462
9314
11493
3778
3820
5471
17576
10388
14953
21329
18386
27989
29096
19532
29433
21205
4234
29881
4277
16858
17169
21927
7846
14099
29309
21858
17337
28749
3508
28231
31656
31209
12519
18390
7104
12430
28787
26121
5351
2843
19205
25316
5853
16608
1794
26190
30914
8205
32550
20511
2777
10346
8811
18554
13707
15945
11052
10845
2479
2490
20874
31862
9736
22013
32015
27705
5647
1341
14737
32559
3571
27771
29529
28305
10207
11208
16005
24853
1659
22199
11691
30472
181
274
31679
23709
15041
972
3383
22149
20574
3639
3180
31935
29788
22391
9540
6066
10587
1079
9230
21369
30677
5274
31661
15742
17759
28276
30457
16458
12587
22459
6498
4507
6610
30008
29399
18103
12368
8578
27366
769
15440
12333
18212
29898
30123
28991
28879
5225
5931
2275
15794
22926
3732
28514
16457
23251
28133
11598
25382
2964
475
10241
21395
3073
12727
4678
32633
16241
3137
21845
10880
7418
9741
1541
24184
28222
11517
14909
15096
28807
21767
21163
26692
3095
568
3257
12660
5561
21497
28861
2515
20124
30098
28784
390
5729
22508
18850
28014
883
14491
300
17999
21911
6683
2597
817
30404
4442
27993
29446
32308
3191
1270
22926
27067
30410
8329
21368
344
24100
9513
17866
6410
32088
32242
23682
9444
20474
28854
23677
21348
4966
10990
19609
8705
22788
6903
14871
8195
3531
27003
7235
21399
6916
10029
6998
29987
1105
697
16027
29911
9965
6906
17873
32389
32309
16750
12753
28594
4456
16616
16496
29677
28331
31877
24487
15199
22352
31457
23537
32676
343
12683
19957
19161
4661
9398
2917
13558
14037
12081
7974
2910
31965
1689
3249
5813
20786
20429
25273
29426
18366
22434
24846
11701
4209
17368
13761
7898
15749
20557
5513
12110
16135
27761
13157
545
14227
19706
23427
13277
3679
17881
13665
9239
25210
108
28978
32067
17238
25077
25731
28365
21125
13899
23070
19813
12992
29391
6446
3482
26669
9634
26533
19626
3554
25877
3035
23448
1189
21345
4471
128
32501
2713
21907
25128
3663
1244
7707
20951
5546
21711
16502
26474
17732
16970
7017
9124
928
8018
26680
3270
26575
26952
9998
31071
10480
2655
10910
32102
9971
20308
1803
11654
28834
25945
26629
11449
27361
29778
4662
14360
32052
10563
5084
9458
26499
17673
26807
1307
9498
841
5413
25990
244
28071
31884
23318
16185
28472
30456
20914
5
15417
27141
20888
16235
25089
26880
12019
5818
4916
8265
22447
8958
1082
4091
13196
13514
27631
22991
19057
11573
31900
9790
9476
11299
26919
25830
7031
29638
19078
27695
1700
9572
31097
15406
1885
15194
12409
26826
22525
25697
2539
28445
23619
9232
11930
31261
25441
23714
18532
23163
20559
9722
3380
13771
7269
5604
30256
12518
26665
23966
30515
6540
3686
24727
19069
21326
28030
10358
9385
2987
23296
23134
25824
31098
30077
4464
5453
11144
18584
17042
20432
10881
30557
3439
23287
29204
24788
7871
4906
1362
29397
1993
29733
8791
7965
12070
22188
22829
9890
16071
13945
2541
12068
13114
5242
3623
22277
28712
18745
4484
15194
32291
23452
23978
9282
21918
12238
7520
19319
23357
8829
23283
28962
29008
25670
15832
13044
17050
10605
19346
22898
10838
466
12247
3984
23932
27936
20462
14466
14656
32584
11611
22479
23259
10542
23486
16295
25743
31137
3577
31094
5093
27281
32401
7353
3386
3708
14167
2065
121
12842
31815
12437
2858
18074
23984
31597
31660
10044
13717
21917
22974
4193
5203
32286
22597
23023
24709
13875
5193
19033
11813
19450
17728
5582
4340
13121
17039
23985
28187
8348
590
17482
4370
23220
30027
26811
1985
13794
25682
24373
2533
28157
12972
31083
28598
21104
10726
29511
31687
30863
13012
22492
31789
26667
8148
12957
1763
30307
27735
24780
21869
17086
5534
5941
956
2679
28866
28699
13906
17944
8695
5491
27558
17738
6417
23376
31946
15596
14152
24223
4427
31586
568
31764
2649
14128
2092
13156
10535
11207
22939
19125
29845
30878
15347
18002
8717
30341
31126
2212
1450
30519
29474
11870
19872
9006
22006
31479
3288
27067
7154
26973
22746
14165
14461
13544
32496
26162
5837
28300
5256
7444
19811
29268
26331
4198
10964
20747
3532
22919
32719
572
9747
22630
19036
29278
30362
21327
9826
16712
1319
18692
10092
17643
24124
10512
32684
9279
5180
26200
6209
7806
14798
6131
32437
21137
23430
7227
19402
6855
15555
29220
26486
20685
23507
15565
20012
3547
350
9557
15197
15147
24321
3824
23871
1711
313
20794
30157
4099
6275
27851
3343
24993
24001
28171
6299
2644
5600
29255
15452
27375
30904
773
2194
3134
32563
15253
22810
4413
23730
27881
14832
6536
10156
13223
29938
10259
30104
13435
11494
25115
28174
29362
10687
14940
6441
29957
14876
23685
27951
11442
19986
27881
24436
21202
12075
28791
31867
12262
31150
28908
19295
435
15137
12615
113
29520
23053
1661
17187
23421
11009
10351
2853
13622
22233
3865
22733
1672
30272
12300
19644
10660
1652
12318
25279
11314
6986
23904
21491
14567
29297
1360
25645
16218
19450
31568
7832
19987
11288
25431
17824
21221
27173
5351
31247
13695
12518
10815
23926
61
21520
4049
13263
2884
7947
10230
18528
24013
245
22241
6627
14785
14826
2769
4579
1415
28035
5259
19305
2073
16028
25608
11480
11102
22619
32107
22806
14516
2158
14902
15340
17355
20115
10940
13744
14266
1374
11226
10785
14924
2103
1250
30354
22939
31394
8664
4939
14305
5315
15841
25644
10634
6433
4600
31891
31118
22442
23523
23168
18429
25079
20837
23799
14044
21714
21430
31142
22831
23285
30512
30152
6231
19733
13131
9801
926
4895
20171
31531
15889
10946
23608
23080
32398
30509
23183
3225
22045
15898
20023
17558
12419
30219
26166
32095
17173
18899
421
15098
24011
30041
10593
27934
21141
24473
20996
31056
26354
5611
31252
12364
958
3208
30842
12966
5963
18506
3893
2225
23988
21939
5711
29088
878
12593
21264
11755
22048
1184
20339
18677
30645
24081
17878
9707
18351
17354
29941
21487
30398
18830
28697
28022
30865
2846
16269
1774
18412
12287
25938
28837
12539
23678
6675
20454
5606
13298
22107
21349
24997
20545
31750
1756
7446
21157
13302
2551
23116
29104
21511
11886
27178
10382
24900
16752
4145
27531
603
1096
10391
1492
30286
6203
29849
1154
25452
25007
274
21204
4736
9875
23371
27580
27208
27642
2069
17566
16168
22281
28949
21844
19232
5396
15456
24949
25084
3844
16968
26327
13770
27644
5493
21842
16273
10044
20791
29639
8256
15685
8730
5729
3557
13373
15547
2587
8479
918
14043
22915
5846
7915
30386
20157
23081
10282
11397
22218
27304
3320
2683
10763
29380
4945
11949
24064
8835
6511
29564
17494
8825
3310
6695
15137
13043
23853
925
21094
19317
27895
27535
27356
20071
18275
22986
12787
9483
7160
15812
7958
22450
17941
26740
22061
30256
25488
22631
4967
25741
16030
3089
1078
24573
3827
20065
12699
20498
22058
12696
24483
14385
23398
11354
1586
23875
2618
3333
18175
29612
14534
14147
1248
27009
6435
24539
72
8437
23042
15053
7437
12053
14991
20381
13679
29366
5532
26607
7767
6059
10235
19540
16604
23099
5675
17252
27915
7890
30008
1805
18920
12790
23260
9258
1712
17533
14570
30807
12641
30717
2028
16900
22140
3973
1291
30409
19978
6282
1840
21497
23005
8228
12137
23930
31000
18555
30862
16084
5362
21115
27172
17031
27318
28624
29313
21410
22286
28942
11313
15761
26242
9263
4761
7735
20284
30531
27098
15933
14350
13155
24057
17321
28854
25575
7484
29362
32608
15833
29143
28882
10092
7081
7879
15902
19826
24865
1023
22739
23683
23452
19906
16177
4274
29299
13136
17292
19155
15289
2244
26272
20867
18728
10301
11301
9065
16730
30268
7587
16059
6461
1357
28552
515
449
7402
31864
2595
24019
10140
2788
12694
21647
19555
4318
5370
21425
14168
27179
16587
5709
21905
13466
27762
961
2117
18069
26238
31463
4912
29686
5681
23951
19001
5404
13886
28716
16979
1085
11473
25037
2465
1277
9424
4175
10973
19008
19552
23761
32762
3645
23724
9321
6152
28885
20194
12565
13401
4130
25213
14069
8418
3922
22730
12727
27619
32694
2469
13906
16587
24598
13700
3319
27222
9800
14520
10052
16376
1792
1007
18108
638
28650
32252
26484
27635
26614
13019
17166
30400
18932
29679
32747
8216
3424
19855
24733
10643
4479
30145
1947
7705
7851
6213
9017
7682
4586
9174
5591
13947
26310
31916
28248
18476
4953
14405
17622
16664
27304
18021
20371
11716
31026
11100
17459
26011
4040
12167
22825
22161
28830
10265
31600
13319
21155
15643
3195
3310
12046
20658
15470
3376
3385
27553
21646
28235
16563
21262
1526
23359
19857
11145
4237
19371
26372
19786
22068
6707
15409
11706
11844
23076
1852
566
3383
12379
4774
15
21669
13155
10458
24021
24435
5853
8706
31189
7751
9765
1055
18912
22590
21042
26969
30798
25570
22206
8339
21059
27734
15015
15427
27441
5844
12182
897
6558
7258
5342
31070
12584
11167
8615
28278
7622
10060
31307
20681
17488
5225
13568
11718
19522
19733
4536
6825
14013
19323
26949
30471
26318
8449
6081
15783
32499
28098
26157
22420
14299
27711
14168
9584
5230
25937
31746
13067
5901
8291
12866
18741
23579
9181
29733
20944
15804
23011
22936
16937
25820
27968
12680
32648
27508
29341
22087
29189
29704
12791
8498
14750
23157
9296
16785
14727
25065
31140
31422
28097
1075
15134
3466
16110
17981
23948
20700
18532
13782
22545
15771
17536
29877
4889
29134
4924
29883
17298
28418
3844
18809
1626
6124
9158
13042
20467
12624
23625
17826
1150
27170
22975
21439
19431
12010
27037
31678
30301
19565
11690
25
1285
9609
2646
19536
10991
97
20302
19246
23113
11962
20045
29261
12754
5541
21557
9948
24210
22623
14430
24480
17865
10869
30254
10297
2853
3371
1258
27047
18231
31775
25035
7180
552
19754
85
17843
18088
18311
5348
27474
24872
13879
28040
21900
8009
31139
19730
20410
9108
23684
31855
17387
8555
12288
1589
22569
5439
29461
20604
28927
19716
2363
2287
15672
21730
17477
5923
12008
7214
17801
2343
1457
26264
31296
11868
20031
23974
14128
21638
31509
22113
14216
23332
31372
8014
779
4349
28184
27295
32624
4092
26318
10411
12553
2877
19235
26268
28324
17256
18935
1383
3247
5438
32466
23810
17311
22129
11117
8145
21906
29881
10868
4705
14130
2852
32650
27480
16349
25006
10382
28588
9476
2833
5148
7956
17617
5342
24919
1212
1037
32205
19686
61
17216
26193
28477
6860
12058
12144
12318
15537
28689
31698
4959
22268
32076
18200
17133
21875
5824
1903
31249
27854
10905
3428
13810
6439
10715
5626
20316
24748
4169
17145
25023
11927
9094
28042
9083
23136
11642
1793
4954
12080
13815
31738
8030
1946
32668
19879
10430
20870
19450
21864
2347
3693
10998
26268
32087
9164
22894
17080
6328
4050
29472
5014
9866
22108
31687
24591
7187
14884
902
11979
42
5685
27274
19288
27642
27555
2028
24954
2308
30584
14292
25282
12387
25841
5348
27234
3924
28651
24788
4928
29941
2968
24665
29769
11597
24950
11852
14088
3469
15490
18952
31863
5525
13481
25876
1045
19130
11903
13314
18744
12231
819
18070
2725
32321
25795
11051
28766
1264
21100
24915
17339
20378
12645
24510
28092
31762
24012
12637
12190
24690
18401
28102
18860
26276
29042
4315
1112
16679
24470
30118
20362
23823
21662
30856
27704
13646
26185
1171
21559
27443
17463
4148
21585
18480
17056
19733
3223
3296
32070
3905
19192
12616
9896
12170
29715
31326
22393
27944
28234
2247
29264
4770
17176
17637
28577
25074
27300
19473
9708
3044
30102
17189
25140
14015
2345
12862
25779
22567
24961
19904
5580
26178
20032
20634
1857
9242
23892
19403
5542
3394
10258
3877
15894
9405
30345
3920
31780
11035
11536
27923
17428
32741
14370
463
27980
12859
27244
5452
8453
1212
291
8376
8518
26790
17051
17133
31763
13374
27414
18931
32482
6259
23514
30150
32334
6590
16518
22617
17935
4172
7845
30426
17706
29535
900
4152
19045
29682
17473
11491
25854
10908
1061
23507
15772
23734
30003
16587
31622
7360
1793
22495
2579
18945
30663
4660
21090
13166
31670
12295
15690
25037
28299
31728
4500
19738
17251
19304
616
298
9937
26762
518
30094
1838
18710
11447
7354
30512
14011
24578
28263
7870
19606
21026
28981
11779
28150
15800
1941
1730
6754
30142
998
4073
17117
30140
18398
26472
1128
16958
29484
26179
27593
11653
25947
10982
9867
21629
5882
7610
17734
26607
3578
9205
29472
5624
29015
29878
18068
10170
32763
17489
3954
10065
28383
14823
17959
8712
29299
25403
63
23245
30528
6848
3624
227
19915
5111
9785
16087
19901
503
16626
13749
13378
3149
2694
14459
16815
1543
3478
23502
23143
6924
31552
11756
12031
26543
13400
10978
12192
11907
30709
16639
20141
8304
23344
31112
22182
27398
28200
6573
22349
274
12874
20412
28167
20847
17871
16533
28036
24607
26757
2398
10402
30106
15827
2424
25743
22630
28663
2225
13870
17640
6291
3515
20157
6010
4712
30941
31668
23742
6241
14056
24048
15409
21971
8301
7184
28931
19459
22829
5152
17702
12521
17361
20597
17061
11059
24027
17367
3895
3981
6109
4326
9748
800
32232
24758
25607
10072
17480
3261
6596
13035
3182
8175
6269
7191
30254
29479
27824
14379
20779
26825
15171
29768
655
2981
29906
2921
29439
5407
21320
23969
6350
7821
21932
19620
29296
481
11838
16777
1330
11656
22211
16334
13353
28562
16157
10653
872
31762
18974
6477
7030
13000
3230
29740
8448
26621
715
6780
13514
13487
12225
22715
12267
4590
23387
32296
28730
17286
25160
15490
18692
21982
19553
13587
27648
13088
7481
22253
24196
5018
4854
29300
20216
19813
18272
9756
24204
18244
26424
2164
13094
4814
29643
13156
26014
29136
17095
5298
8238
19181
12364
10187
292
20871
14150
31937
5594
25827
25595
12432
488
27271
21728
15013
9880
10215
15793
13217
24219
24385
8384
31066
8698
13254
12942
21538
9807
6394
7064
333
20276
20829
3187
18157
764
16459
22555
29920
14241
4897
2185
30477
19454
1441
8579
23786
318
17816
1464
31298
10389
14781
12812
1333
22830
12253
17201
21888
16996
13877
31095
10494
28212
9248
12005
4463
2034
5618
29576
28537
31548
24611
17419
7916
32557
15792
3720
14410
25042
15806
31134
2951
10210
13440
8644
14349
21673
13148
16604
1539
28230
19529
29708
25807
4630
9340
5065
13017
11632
6723
21044
12946
11923
561
5034
20662
16860
16251
13718
8142
28477
15266
14218
11512
11242
338
31375
4586
13397
32395
2745
26677
16989
12798
9982
455
29634
18362
31559
2740
29917
26887
16584
30774
17294
17298
14477
26866
7797
3019
13398
23164
29797
32396
8613
22558
26645
9723
19221
1749
15385
26033
17389
12957
15121
4636
12789
16622
28705
5921
27017
11399
17313
29190
4075
28266
20501
656
14302
30760
863
30568
11376
9054
24627
22979
24087
14976
29644
31810
9727
32469
21469
20759
21411
20419
14539
27498
14491
22349
2073
12283
9908
24538
25380
30984
5190
14136
3600
12657
23234
17120
17154
11034
17291
10620
17807
13457
22279
13734
19061
12785
8693
22003
1929
15622
25857
24112
32753
4273
25237
28139
24723
17294
16115
8246
205
5589
9857
26791
23399
22142
11875
16803
5062
9129
9039
4060
23394
2620
15005
24345
19322
18638
22942
23606
1798
14788
26415
12395
14573
10425
23438
8657
17016
5924
620
7457
11782
13364
9027
3263
14850
3071
1001
8440
4115
12764
31078
28040
31890
27149
31491
96
14913
5794
27555
21926
9786
27545
3414
19708
28709
11850
21292
1029
6830
1027
1351
14885
24631
5103
27444
8585
20425
60
28796
16744
13905
31356
30581
19848
10249
30540
20062
5891
15924
17716
31403
31307
23822
2767
20126
28268
5635
28716
32023
6545
31263
30579
8109
3786
28870
18636
25341
6412
26277
30076
19778
14202
26856
30289
21287
12002
173
26945
11993
21643
25273
21070
11615
30254
18282
25517
26158
834
32493
4390
4344
23420
5553
29374
28102
26263
7452
14996
29510
22865
27772
16905
14182
19382
28224
29219
17953
1184
19816
2868
23193
7807
5946
4022
11879
26966
9527
22138
21295
11782
25421
2050
19063
14031
17998
2859
20409
16660
1697
9486
2230
15454
29496
20521
4110
31396
28865
3770
3598
13770
31009
15468
21449
3687
12062
9013
11370
26571
23131
22399
22728
17729
24458
8070
26939
3217
2269
27137
27055
20937
12989
6148
5110
4157
12479
7717
31843
29901
32468
16606
27796
7526
4800
28722
24719
29132
25037
1683
23057
31126
28352
28420
32290
21370
29708
30331
12525
12746
32326
19593
9167
63
2777
30524
2478
5878
32507
15941
25996
7864
2783
20822
10075
2686
19756
11726
2835
18996
19119
1944
28163
6846
3660
14672
3684
5945
1339
32680
26932
28547
27505
1035
10818
26621
23643
31360
25221
1679
23506
22224
30897
4333
27468
23787
2060
16409
32591
4232
8574
19754
26924
18444
8936
15179
2281
26285
6327
774
23423
471
23993
707
14662
30158
27951
22667
22701
11670
6947
2322
26926
8720
9980
6133
23169
21605
23631
30016
9232
18343
13816
25651
8364
15798
14186
16198
21118
15201
28739
15722
9024
6094
24100
7314
29869
6940
8383
21874
5429
28742
13361
15494
27894
28235
9619
13399
30440
31884
30155
21754
23127
5749
7848
11481
14487
12895
28207
32438
755
4021
11311
8428
27878
12374
15900
25080
20110
315
15641
5689
2909
30298
12887
13044
20754
7626
28062
6811
17127
28199
10793
32335
25868
21560
30135
30883
23637
17359
3551
17827
22064
20465
10148
15381
11481
3639
21833
27646
7121
18804
32359
1640
6284
18328
7740
29283
9065
9941
15430
13130
9448
5632
21264
1095
11032
27705
6477
19737
6990
25550
24867
21525
11292
31837
457
20843
15233
18489
32596
18347
21854
10511
25806
17800
32297
16330
1161
29915
5605
5043
4786
6891
26450
13533
20009
28139
14177
24000
11152
25540
26858
22564
13987
24085
2209
10561
7623
22392
21831
18724
7141
30216
6173
26964
13432
10016
24990
3766
30181
10341
32365
686
13836
8710
14477
24455
32028
13890
14544
15381
4779
10795
7314
15000
24838
2986
5030
32484
8901
30916
6801
20415
3747
27675
9462
26507
30093
12984
19538
14373
1785
28423
22250
9740
12153
19747
11009
32454
17808
19540
589
11903
30916
16855
29100
30964
14068
30941
6420
14735
31724
5077
4040
28371
16183
4846
24786
5371
29748
9176
11181
5086
20589
7883
15682
17430
19491
21707
13590
20321
4398
4906
2753
28743
19460
78
1954
21758
4887
13749
2257
10634
22628
15157
7509
3368
6472
18313
21655
30445
16534
27145
20759
19883
28392
441
29534
14100
7474
9605
12596
25122
19869
25035
27922
20662
16018
28442
25050
25727
21524
17978
30406
13085
11092
13676
3998
25990
3199
23282
11567
9897
11995
10450
29176
25938
786
21976
24358
27982
30670
24538
24003
7119
27781
831
26666
13074
18071
19394
26558
4414
23702
8820
6875
20112
11236
32000
5901
1717
3204
4659
15232
20855
22314
14268
10168
11932
12692
19760
2690
26891
29981
22609
23851
13617
25488
13967
24303
3747
7738
1999
25780
6405
4931
13932
20729
2090
21822
16507
18441
21372
4350
9812
29812
14495
5547
8782
28607
20817
8982
3529
9051
16533
29258
6002
13780
15120
11364
11970
22603
28339
17316
18632
2086
3482
25283
25129
6406
52
26247
25189
6905
677
5526
17499
28914
12648
2696
10256
11126
18745
1087
12716
31639
7730
4219
22981
21030
3636
17577
4832
32549
29320
30972
26677
25979
21702
14783
31155
5867
27382
25322
31044
27719
7926
6643
3410
28129
9500
6630
15498
8259
26139
1464
18144
2336
16427
13529
4051
138
25444
11784
32242
8804
19819
17515
29599
29723
10321
2783
17683
4753
4280
4493
20386
31834
1848
8638
5696
19499
4353
27632
1861
30607
19393
23592
20333
26076
30920
2187
24099
29542
17258
28200
32511
13554
18084
28697
11405
3950
5635
19658
80
30687
19906
32152
25606
28570
28210
13470
26670
4279
1631
27851
25544
16067
29169
16440
16732
20405
11856
30905
7485
16675
2828
3763
6415
19894
14715
2605
2183
30428
32676
31273
23410
22204
4699
30260
26873
20079
23214
24124
35
25709
10880
19618
24987
26437
9332
28304
1716
10386
23309
13965
22954
25642
27411
7502
17195
10136
5432
25807
12565
19917
6907
4515
31362
25362
25293
3721
17666
1345
10098
11839
20263
5173
13995
32667
17479
18047
786
10199
32125
30298
3397
14125
21489
15074
26694
11171
26713
8576
23842
5673
960
7081
29137
5601
30086
29896
22366
7614
4777
25720
840
14416
14914
4343
30759
15838
851
5591
402
12470
30655
25335
26433
13249
154
1970
23407
20314
26531
15958
10370
30816
4623
19416
25070
3466
22665
1990
7255
16123
8310
8316
28918
5143
6781
28571
20541
916
19015
29367
26558
20948
15235
15440
8009
10610
2094
28932
29012
8731
5137
9474
8864
10655
8587
11714
7450
839
9104
15348
29184
20842
28914
20918
18244
23867
15583
26889
13365
4325
30892
24198
20828
22490
720
29773
32676
22887
18228
319
10943
16781
13482
8301
2756
3084
11194
29903
10525
1472
19109
21818
11424
30768
15012
29836
12540
13157
25201
23082
11607
27128
8712
16044
11829
4975
31663
8406
26268
18634
20020
9930
23670
20312
1142
8061
13366
17871
24102
14440
24510
10140
13775
15232
13440
6776
26644
26983
11492
14908
16442
17380
22762
22262
3558
23697
16913
22844
18471
31699
18039
16576
25014
13327
12097
28965
12925
13595
1597
16657
6743
29683
28358
32644
16663
31406
1513
25448
6091
29872
3526
6505
32578
19232
26680
25606
14283
26013
9400
488
32320
25388
9598
20083
31299
24437
8170
20636
25032
6192
31779
11258
30164
1754
22526
10271
15491
17068
12577
16936
7248
16077
31336
31891
15505
14535
8327
24913
20289
27448
16881
27164
10242
22730
7673
17163
17506
17252
32567
7012
10590
9122
9518
30897
14885
13443
28971
16406
27678
26466
23152
27105
31787
21544
28050
4963
2352
31167
23328
25343
14287
25290
22917
29312
17270
659
24112
13231
8348
24132
29170
806
5191
22107
9383
23903
25810
9304
25624
27152
2029
24760
14880
20923
29157
9511
13838
4480
27174
7922
1355
16695
2302
9659
32573
32699
17059
10864
10346
31112
9080
4734
28897
15753
8588
21313
12758
21547
10083
25023
11916
19638
15354
19095
7288
13533
27653
1588
30371
11924
22651
23878
8272
6177
3668
29043
6879
31350
2962
15945
21233
12734
5502
9848
18637
1078
17460
24894
6146
6974
26465
23586
8782
4784
10316
25829
25023
4720
3347
12214
9752
9796
16695
3493
16758
18406
18267
26458
26675
20312
30793
20487
18443
15736
29494
17563
6781
5332
25415
27449
13940
13503
15956
26344
25895
27301
24811
5004
32318
11675
11160
15893
3894
14394
1379
11510
4614
29870
26523
3288
30467
28426
22226
5520
1537
16862
27945
31567
23227
12556
22990
25
117
26327
31170
14713
28895
1853
28128
24178
31293
3463
21019
12728
20677
10270
31239
23585
20296
1696
22171
19286
11029
20019
26933
26830
7963
10266
26590
15613
21069
7814
30415
21192
32075
15278
6965
28477
4926
7969
19250
29057
29187
32091
16164
28425
23949
15767
26665
24589
19076
10725
12259
28730
15410
25980
25976
18344
14752
7505
31709
24587
7676
9961
32085
14893
18494
363
22580
1948
28172
27897
26857
7327
5594
3136
25915
15983
31829
17486
3283
8612
26882
20132
17147
11502
13858
12685
30117
21509
4058
4782
30127
7907
11920
6109
9317
12592
4248
18999
6728
26110
30480
12140
11022
21430
10760
3422
27369
19538
18407
3051
6412
11725
9225
10502
4972
5848
30893
13069
14275
21455
28687
15702
21979
6123
18641
17164
5897
22201
6559
27705
32503
20939
30739
10531
27047
11949
1750
6108
10933
10522
12041
26645
12765
13680
2275
12595
22716
10082
14235
28325
15835
12525
15496
5748
20713
19853
1415
32283
29768
28080
15005
410
22476
30315
3805
8390
28863
26988
6284
1763
13096
18736
29828
12404
28748
3446
14550
9042
32374
15347
31411
27900
3572
31047
27533
23342
20322
9776
20857
8885
20267
23805
24280
26753
10828
25414
11574
24828
91
25563
24434
31130
18120
1274
12063
16561
24932
11973
26923
32652
9247
5618
7614
15035
8726
24261
1893
3244
28109
27707
28016
3712
11960
12169
1433
17175
12289
3012
6374
14445
19589
8674
28624
21290
23584
6369
18852
30836
1578
13894
25386
2568
7489
23241
20613
26761
26697
14159
11866
28695
31922
19992
28212
8996
3577
5178
16935
30595
22130
18254
27572
31170
32068
19305
29165
15034
7605
9550
729
15204
21416
25825
1050
19183
29027
5087
5837
2831
17046
31949
4786
3735
153
24110
15501
17994
23542
24057
15308
12270
16167
20810
4969
31651
11937
11352
8722
7027
27153
11943
28040
28970
13029
8063
15685
3688
23566
11932
18529
15092
1796
19751
31414
13651
12811
4837
5443
24986
31670
943
11726
23168
16297
18722
20941
6327
28834
13463
20615
9341
21435
7509
28791
1390
233
28422
5105
25756
19657
31848
4360
5345
32668
27205
16558
30068
32143
18085
2333
25275
17473
8258
26486
10592
24959
12860
15528
12199
18258
30734
24980
18687
8507
15809
18031
26583
3773
96
8551
8626
26396
12971
28809
14718
27237
14863
21218
9249
942
14294
31972
15190
159
29340
19468
4791
25137
29698
15810
8986
10934
11942
19841
16417
19738
16466
32311
3085
8552
9331
4847
24019
655
27341
15021
19826
31079
18030
13209
23171
6383
2272
10592
24850
28633
23971
21208
20652
13128
23002
4835
22969
1752
13381
8341
1293
1503
14703
31385
27065
29170
20521
10704
29991
10923
8758
5948
31078
21162
15688
31005
30146
17882
16428
7001
19864
17653
26689
1825
24936
31307
4910
19922
15916
15295
2260
31513
22248
11794
8578
29275
31875
11620
7272
15188
2005
7927
14927
510
27137
4151
28807
19892
5893
18167
18464
13207
32399
9982
15709
2097
1811
4290
13157
21592
16154
7539
20540
4437
14557
23611
21746
28742
17426
29893
17946
12481
31238
21244
30846
19130
20460
16405
22033
28583
9076
3279
28453
9953
30112
12537
11230
2382
18388
1077
12775
24637
20268
29693
21091
11153
29201
23267
5159
21282
17423
23837
11814
1888
29665
28224
1580
5434
24526
25676
2000
12606
17465
15337
26532
32257
14451
29168
9902
20929
28115
5677
27164
32585
25865
31588
31539
9749
3503
10385
905
19895
1057
28532
22900
20601
24975
19533
28866
22852
21072
29413
17322
30912
26233
11469
18435
5565
20655
27882
17588
15570
1849
15410
7020
4931
31577
25520
23187
28968
23261
30670
11136
26316
4081
10451
28908
12628
29495
31915
10662
25249
25626
21991
27529
16503
15199
27652
2732
7902
19452
6384
16600
14792
26158
8138
26943
20981
4294
20713
9322
4372
27843
12065
30836
31019
30502
31297
16758
25400
7426
17120
1602
20761
21971
27482
1364
5801
14352
14869
3589
7724
15364
24841
31234
19437
8409
7807
23293
17701
10230
23320
12450
7711
6795
26898
15053
13210
19817
18631
15354
13167
5912
5750
16381
6259
27683
1350
15091
7583
5559
2952
5240
27758
13932
9277
29466
2695
4451
18904
23566
19100
18321
3653
31522
17554
32602
29737
9971
6370
10850
28012
30048
831
23968
8949
29758
121
28596
27060
23117
2977
20858
2278
17515
13934
21727
13716
21256
8415
22003
26461
15322
5154
31296
27254
9170
17589
31323
21231
21838
32715
10680
13624
9872
18417
12482
18403
9327
9457
11563
21163
21836
10998
11393
3766
10312
31986
13571
23575
25780
20029
20658
28823
11722
10111
20139
25525
28314
29391
11955
15339
16966
4892
27412
24883
11378
2764
5288
6346
13815
30116
30003
28212
16855
23016
11253
11648
11894
5315
30848
21197
5895
26088
10184
4877
18756
24186
22393
25097
17250
14122
909
6566
20036
20895
4637
9830
2031
26906
20855
23857
29246
13914
7282
24150
22998
2749
6398
10701
10589
9897
17663
18623
31975
20266
17756
12359
2481
26332
11090
16763
11794
3596
9231
2726
15790
3610
18044
11736
24045
5153
29530
4257
1708
32474
31632
14617
31538
17342
195
31779
20325
12139
17448
24819
19773
1353
22422
24014
20090
17005
25824
21009
24210
1982
32609
24949
14574
28502
13272
5265
30549
20779
19063
25249
1193
15086
28470
2181
10193
7987
13421
20749
15094
32723
9122
12915
25330
6030
20639
25897
23301
18165
8904
22485
10442
18568
18604
9371
19562
28699
2522
27546
16656
31102
27382
14009
24989
10844
22540
19107
1436
19300
18723
2320
27256
15527
5398
18503
15596
10561
26271
17376
22204
7740
1973
2767
1187
2225
30488
3742
26764
24368
31786
14330
19461
31330
11520
9329
30448
24813
6841
29050
24187
2712
6158
14518
16467
24240
20011
8565
32277
29098
5053
11132
19718
17929
14925
5894
3587
5251
17868
3592
25019
24415
17007
29369
19739
21793
11453
30546
522
18025
8166
25362
8279
13081
15958
10374
751
12982
2186
12551
27988
15377
5666
388
11594
4134
25912
7298
1236
19524
13297
17760
28766
26478
6225
2272
7484
7938
19028
12003
9299
5784
21562
31092
23830
12077
7458
21768
23733
22913
474
24068
30096
26557
28662
24448
19186
8793
14111
12107
19708
9277
1198
2863
12511
16934
15738
23414
14671
332
10733
32428
25396
24898
10334
679
19106
32029
22938
28357
23563
18392
31684
885
9651
26615
26464
4857
23909
30315
25258
22378
28261
9398
16172
27132
9125
3663
30095
16259
16955
14664
13234
20022
10259
2606
4345
16563
17121
12081
23784
23108
29530
18052
15344
28769
12452
17415
1672
7542
11
23076
7808
4326
5365
27126
11922
8271
11544
16049
2107
32272
31978
6206
5065
14600
16473
18725
1716
27041
17341
27568
21553
12301
30987
29262
3077
26576
27979
5941
7063
13439
12876
28491
9546
19399
4246
9287
25097
8368
5536
6675
16676
21539
21059
885
14938
3755
23919
10735
1591
10104
28445
27876
12448
15529
10116
15355
14764
8395
22160
4297
14517
16796
22416
11178
13743
27669
21807
6127
11449
4520
2469
15167
28658
29383
20270
29751
23438
21157
5307
3156
4137
6208
2792
275
10074
159
7471
26710
5772
18008
2907
29706
13321
25174
14143
22791
4696
18905
31399
7479
9673
19902
6543
4347
26702
32513
9363
30666
28556
15488
24487
9244
10546
19970
264
2694
12682
12407
23667
4134
30798
30594
20116
6209
10172
26676
31937
5419
492
12571
15592
8295
10338
25467
14790
24080
480
4571
10074
12151
12925
14275
7066
30990
23035
20165
24420
32645
3158
13498
19383
8242
14489
18254
1827
26806
29173
22719
14206
20958
20244
25057
31705
8647
21419
5478
17074
14662
6223
14428
20588
20614
9353
25591
2556
26355
12076
5265
22500
27223
14566
10735
13669
22851
13590
15558
16368
25777
13533
28029
23263
21735
18552
4149
15202
13727
2765
23047
28860
3428
2883
29580
15535
9279
2519
5283
20532
7571
14701
3438
16496
26950
31843
24734
18404
20513
20332
21233
10212
8058
22172
5112
15946
14352
16575
25630
9067
1078
29935
23526
25674
6452
15974
14452
11532
2026
27280
20815
30636
8374
3428
7013
4848
11928
24565
23888
5532
28052
27972
30935
4581
16472
345
28088
7464
26911
3730
31141
32732
18901
32058
31116
8646
28540
6493
28699
1643
27854
4827
21892
28107
18468
17340
5245
27980
150
12483
22667
5365
28260
30790
4481
29916
661
9021
20547
5858
10717
3224
24784
16541
22212
21206
17792
4502
30469
2003
30602
20917
22580
4833
4296
1017
16292
31003
17087
4460
14728
32758
16090
8279
25432
24089
29686
27570
13687
28271
17699
11998
4114
6522
7593
31127
3915
26858
1610
36
27287
31086
8135
15312
25444
16074
9894
28574
1792
20010
25649
25913
18358
8885
12482
30250
12602
4198
27454
13645
15431
22807
2528
19590
1414
6111
10296
25264
27570
30366
13939
7638
22778
25046
11740
5542
15270
11965
28323
18978
29182
26512
10973
29337
11623
12841
717
14550
4304
1236
13922
13463
3660
7519
4096
15169
18432
28272
27780
22481
30784
30491
1154
32534
9461
14516
23248
21534
8770
16098
29769
4334
10343
28149
15563
26485
229
2938
15746
28355
3811
13580
2153
28791
14032
14701
32013
10870
26954
2005
19093
22755
21822
10633
21247
7243
1361
31152
21420
4127
27775
3938
30495
9576
9730
3587
13314
5558
27766
20431
7529
601
3130
7861
2139
5076
21785
28521
10895
11663
20266
21173
5747
2508
14068
4368
14450
20956
1238
9329
14711
1683
935
1125
27309
19705
15001
30816
7818
29506
11875
25680
4875
16897
15775
17272
20801
28056
7280
17788
9740
15347
13161
16824
6183
12918
26026
29910
32612
24627
588
15520
8505
6241
25856
17938
30332
12553
2546
25012
32363
6659
6388
29223
17135
24609
11224
10493
29218
28842
21533
1486
12558
12554
9167
19335
3000
16071
15784
24582
9821
27575
12411
18916
5115
19057
8659
16530
30227
24321
3031
680
18861
18400
4720
26233
1438
29475
13230
22763
28166
13298
22376
16006
16668
19516
547
27338
8494
16041
12085
8646
24547
31952
5675
22502
3780
17835
24423
9229
30970
18503
3086
6115
27225
24256
5409
29297
26526
30061
1513
24811
15349
29272
5529
16844
32703
12529
1071
7720
31889
26115
16027
19774
4736
32742
3619
30286
668
22263
22278
25770
17082
16965
10847
25102
15991
25741
12109
2868
10617
17769
10065
21156
18168
2756
4599
9674
19069
26257
13241
26698
13802
3260
1056
14744
22715
17761
18220
14531
21643
28477
22006
14993
19162
1634
23188
9681
6157
814
829
27117
16310
9597
28845
17343
28182
30
25547
17573
13025
22660
28298
20440
22848
11966
11277
505
284
426
17422
14061
23962
9061
15744
8683
15586
12805
25715
11219
15653
2187
18233
3010
21214
15379
3783
19939
1112
31054
13917
15496
32368
22066
26218
24441
26268
27632
30378
1419
3628
19751
23441
3189
27344
11351
748
23264
30811
18072
25542
16573
26566
26252
17800
12763
16248
5010
613
3769
20676
16700
18677
28569
9908
4868
8480
9685
20997
2106
14398
26486
13938
9281
14460
22787
15670
26363
12162
27031
4300
10626
18515
13622
17913
13081
23668
24929
5644
6754
8272
10216
3685
18129
28379
1024
22836
9824
30838
13717
899
27524
22803
3810
25719
26464
22937
16446
2514
21561
24714
5689
19901
9259
21987
24039
31173
10266
32323
25468
6947
8939
4432
16153
27712
7411
3926
25574
30584
2991
6706
9569
22302
8630
21871
9974
14017
23277
4526
27087
31150
6394
18251
27885
10934
25595
9277
4984
6450
9079
12606
17747
18244
25492
21037
32244
3423
31371
9648
15731
5897
8794
2077
4064
7391
23225
15771
7898
32730
10062
1924
349
10706
32292
10510
15836
22336
31322
7979
12944
11848
10008
4013
22543
18167
30407
13230
4640
2249
14978
16687
718
366
11719
6143
5051
6349
27251
13791
10679
17994
22765
13795
13969
11076
28833
24347
7469
14050
23728
1651
7127
14096
22757
18392
12503
31428
23276
23196
11590
27014
23486
1308
27168
13359
21856
29600
21402
753
18637
30338
16053
17559
24625
27539
15635
782
343
22202
25353
24869
25701
28126
13303
9617
711
7174
10452
30516
29289
16319
1293
11935
297
10431
28048
24789
9356
6343
30243
1873
4527
19406
6395
26955
4481
19291
19594
10808
25904
4403
11160
8592
20193
15668
25493
24531
4772
25217
23854
1230
935
12255
21278
19227
29098
30559
19271
27879
2738
22846
9729
17911
1282
5641
14258
22253
9543
19460
8351
3528
29971
9165
22273
30635
15756
12349
5980
16351
6758
1423
12044
8218
14606
19396
21792
9730
6184
20549
1388
29165
23356
23243
4570
21227
1708
18812
24065
25606
14314
14423
30969
3784
11751
14289
2413
5886
13775
22208
16369
5052
20467
889
17302
31137
8455
2101
19644
6748
909
9914
25128
15727
19857
5943
27735
13875
7831
28271
4881
6941
18898
12057
6465
575
12438
2695
11011
26386
8464
5255
20991
7538
3381
28295
1014
30186
11768
11772
32666
30514
26304
516
27555
20726
32025
23625
27679
27609
30889
8489
8713
15034
16231
8981
18718
12598
16903
27959
26604
878
19640
8536
17964
4874
20498
27904
7505
11646
13898
23007
14177
32651
6313
32107
28676
25097
26940
19403
19419
25573
25804
4596
6674
13670
24848
23314
21561
22708
19234
17705
12367
15258
27184
2300
6432
7819
14964
14638
210
27875
29798
31911
16826
27248
5168
18489
372
23089
30050
23427
18994
605
22247
1302
20052
12711
23352
29143
2617
10689
22735
2981
14421
4895
3807
11067
19332
24061
4674
8535
25502
13475
1714
23324
28748
25320
30781
9652
30234
22261
26867
21819
10701
8011
26338
21208
22006
2568
15940
22061
16071
18789
7158
19954
30758
16772
13356
15324
25088
25449
16740
1988
16096
14662
28568
3589
6336
2043
1976
27942
26655
10717
28503
22201
12627
1718
20645
26498
3105
19726
32413
19164
18827
20649
27007
11609
11241
12881
14209
17065
25915
13526
21953
25277
20414
25426
5503
555
5309
27825
10633
2517
13738
22641
6134
20934
11117
30887
29719
17244
4092
15683
29867
26284
1580
19604
14930
24354
21447
1295
23109
7016
25054
19532
323
15497
5984
20305
17103
30807
16876
6163
26776
31498
228
7226
22073
3113
26307
10533
21794
31406
17584
20782
23766
5221
21587
15919
11096
11413
13287
3397
16863
30178
26768
6099
6609
13170
23279
19914
9711
1359
500
1320
29645
21516
12276
25279
390
8108
13820
16440
7085
13759
20836
13143
22407
4814
6055
6785
32119
29433
21618
21115
30649
21983
3578
31092
6483
31166
9107
25414
20809
4571
14975
8953
7697
15397
27907
19848
21830
31253
28608
23016
5025
12504
8513
16967
26916
29872
14289
19090
5528
9112
399
4153
26938
4903
27332
18230
7602
21942
15987
18508
15172
23237
21810
21644
24138
28315
9785
12830
28898
23853
28345
1598
11492
15425
25455
4229
31255
8403
8312
11114
31908
17336
19303
13832
26570
22913
7061
19234
26836
8610
15544
26980
15944
28884
16311
28907
20322
15031
3517
6664
22464
24252
4493
18753
31583
15426
2837
25753
22214
20991
16709
3602
24449
27810
1569
26479
10449
10422
16661
17214
24738
19402
29577
26390
6333
14543
27574
17182
12351
961
6584
17102
29002
26762
15076
6906
14074
10531
20315
14604
12187
5884
3551
14225
3865
19358
18918
31735
17847
21647
32749
24980
3844
22133
31759
5611
27916
27519
20182
2603
25547
16641
1105
7673
2279
14430
20839
26479
15262
3883
11114
15461
6396
21137
32240
24815
82
8691
29406
32550
15333
1233
197
19500
8675
22509
13170
32362
16795
5548
25280
31004
28908
32190
19377
20752
19966
24577
16317
3754
2353
3747
24170
20780
2899
15240
3357
14132
19478
17643
8496
12423
27841
13639
28740
7436
27429
31352
15065
23836
211
6173
9500
14073
652
22850
12799
13723
21497
17724
29839
25779
17308
23507
27523
3562
25351
23719
15120
23401
12108
7628
14597
927
7604
13752
32531
25150
24756
31839
30572
8839
31004
10140
6033
24264
26514
1747
15716
22819
4671
8661
25221
12688
13000
16131
6619
15653
24704
5303
2929
25238
2780
10719
25220
8184
30759
10731
25050
7626
7286
12266
4693
29493
23775
19695
16327
32659
4838
19898
14344
32047
25656
916
70
12619
17052
5243
29853
23912
10278
5759
1511
21953
25517
31340
2518
24857
2432
2473
20800
17846
23637
31584
30905
10158
17026
25823
10087
7265
7024
2367
12306
5959
2380
19523
18555
5100
767
19586
19183
8504
16993
26825
13851
12788
25257
13499
24354
22154
17193
8378
2541
17420
568
22795
23491
19576
9327
8244
23577
11323
15384
10409
30635
20723
9443
12712
14795
32121
10203
27490
12281
28447
7065
26203
11189
26678
21687
4627
22161
17364
31368
3814
19594
30420
5126
22321
12440
8733
24844
950
28548
6696
21446
12098
9466
1980
15973
15757
22239
1532
2327
2401
31460
24996
1078
15870
31324
23952
10943
24510
10315
8318
26887
18421
23999
12308
15273
6171
12387
7461
15043
26669
30545
17712
25954
13392
4648
19753
16698
19896
9822
14716
8859
21192
18136
18256
12448
29306
14776
27400
31146
32514
20599
6160
11276
5038
1587
13782
18184
21009
22602
26134
22523
31328
3367
91
6100
25372
23900
26307
31946
5105
13041
6146
5199
2015
29436
8873
14655
23191
1394
23977
31326
25896
3901
2578
17665
3546
4751
16929
10251
20314
26997
22906
17179
15128
20143
4786
13828
31470
26815
19984
9342
5634
2880
5525
8731
31981
8825
10809
6780
8477
32050
30328
2500
7031
26822
2573
6477
9793
21370
766
29850
28224
26893
2008
27277
32541
23953
14140
11994
20238
23161
12442
20412
11698
16882
6717
13287
6716
15479
18568
13501
17619
17567
27263
10436
16185
9530
24457
29272
8363
7581
6771
26269
8457
8250
13753
8376
28471
24436
7425
5439
18115
7345
28649
31213
2248
28080
514
21915
23570
27677
7196
19563
6274
866
25285
31815
436
20673
1548
32138
5344
18847
7819
23548
28158
7203
23460
7172
2094
32256
26378
8217
23894
23951
8579
634
10509
10529
7405
14111
21176
8339
30591
2543
17138
25891
31826
19763
10290
15233
11552
19531
28327
13354
6475
22175
28519
11761
9761
30425
6857
26334
11358
10834
8719
3900
3826
11465
25673
4846
12037
11355
8822
3330
24889
31151
16107
6537
18479
2162
3065
31141
14412
21507
28106
15843
2237
31855
21388
27339
30136
12191
19409
19382
30725
13008
14390
26592
13758
8260
25667
19902
28755
11575
915
10386
5072
3093
23349
21564
19299
16106
6737
25427
16153
28186
9743
19316
24296
5970
23732
11226
24306
10430
5135
25135
18696
23677
22291
24994
18285
26706
9925
58
3293
21916
16985
11882
32206
5512
14999
19685
32502
9605
21636
5299
3341
22520
32575
17797
468
5425
24873
3654
10838
10398
16456
25586
4718
28223
18926
15019
10633
29786
32149
21770
9389
25968
16142
7603
16827
20079
21467
16172
20465
5417
20441
28143
8626
13061
13602
6333
19338
2037
19249
29494
21613
22952
28999
3751
15167
21248
28686
29987
30106
6086
3708
31445
19403
16541
28155
14740
13853
21300
29127
27320
8027
2752
13719
4908
12432
1194
22399
13765
2577
9604
6421
32722
3517
19010
7123
9205
7812
6567
15548
22321
31014
2557
21314
9283
2621
28425
22376
2358
25982
9278
13092
4914
16956
10033
17159
27797
8493
13901
18975
4420
32625
18376
23837
7492
15056
27861
2227
27012
2884
29980
14144
27389
13751
26215
6575
2045
23565
7326
6044
22464
3685
9717
2745
65
412
12132
18801
9807
3859
5464
17611
9187
25011
27816
15760
30897
29742
6090
21680
10493
17543
15431
31458
32432
24788
11372
907
24747
12611
6466
24289
13403
9051
8385
16208
32142
6788
3137
11805
12421
18890
21297
21321
27210
23262
13835
29880
836
1629
1415
28818
12296
341
27152
14058
9330
25606
16244
1693
27893
28133
22751
29053
29231
19175
16650
27567
23232
15867
19120
27218
16221
21720
1346
21857
25888
2298
27099
20699
29218
29159
21622
8481
20556
27831
7519
11935
12906
23763
26343
27822
28545
27133
29532
10169
10339
24465
5944
32415
27520
4362
7065
2905
19199
26567
9457
32477
6414
32272
29183
13378
15990
27476
1790
32548
24434
9652
6428
14666
17089
7366
20013
21382
12026
29074
9377
28125
12832
28641
6067
15080
1910
11448
21476
12922
3988
28191
4008
22404
3771
16422
23647
5429
9574
23338
902
30565
14113
16213
17455
16947
13214
10596
1198
11501
30214
17581
19606
17457
11917
15968
6884
14162
2633
7693
27769
5373
3396
1894
1742
15133
21200
18759
23267
32251
10266
24051
5240
19114
13570
16545
10624
18594
10026
15415
32211
16043
4941
5973
28451
16125
211
16789
23857
24229
21410
26129
576
31786
2102
1830
12234
22897
30196
1912
17267
3294
3003
17462
26683
3516
15037
9376
30711
24543
909
17094
4354
8839
22904
4498
13360
1672
20505
9224
32515
28584
18216
31181
22050
17737
2195
29926
5126
13896
3280
23747
4087
29732
22897
4732
4407
10595
11769
23130
637
12081
29422
24217
31140
17995
7983
20332
26533
22299
1928
17474
1219
32036
19588
16968
19717
24993
23170
3119
8425
10601
12299
7983
24151
31254
24163
332
1492
23142
30814
17624
16376
29154
25461
25913
22306
27581
16153
24812
31082
254
22088
13514
22231
28130
20317
7306
28627
22139
3628
15496
10203
24222
31822
6340
28795
30972
11194
32046
8314
12687
1941
15137
19282
30520
1868
24621
11490
10406
6111
18969
32103
26745
12160
15400
16809
31911
16220
22940
27506
15647
30649
10617
24132
21933
4673
1931
11339
24350
5789
9898
8081
5028
19782
2109
25457
8828
21656
3325
25166
26317
3113
764
11141
1492
19032
21733
30111
14398
4137
16005
4300
17109
12112
10890
23949
25183
5771
7563
7088
11971
14389
21065
9601
14702
16153
27445
27455
27381
1412
23858
17101
25596
670
30619
24490
25942
8697
11656
1827
878
14699
1101
21703
10469
4377
19268
8988
11388
12757
205
27792
32309
28074
2194
14514
12213
22196
5904
27042
23533
6197
30291
32198
12793
26086
2048
6591
10056
30091
10393
28316
5374
14026
22525
20557
17558
15677
19246
4186
12236
4294
19287
28885
30650
22563
1550
17293
22337
4546
13014
2436
5290
20182
12776
9891
13965
9386
2099
32173
32754
18485
23713
2162
30647
2032
23196
16453
32562
6116
7633
27311
15382
25607
2867
7781
22939
23752
15171
5240
25817
29161
22927
6604
18549
12173
7545
13515
11136
12690
16442
21338
14236
24864
5159
5388
2657
12418
8498
1430
22015
18741
27315
23428
29988
24639
17001
3882
30240
9410
19643
24028
24903
31953
6724
3426
16022
1154
31375
934
7834
837
27679
1712
10894
19316
19891
14548
32708
14379
13512
9514
23110
15705
3422
28735
21180
15895
26367
266
13200
7481
4862
13858
10577
15395
30717
31534
21077
23519
16049
21148
29091
5228
15338
10134
18703
22104
15309
31793
24231
10897
4708
18408
12622
9336
5466
6730
8359
14903
25343
21999
3125
30548
6802
6064
28096
15751
27072
7703
29434
1993
4968
17685
23138
25518
21409
27123
5993
5364
17662
19339
467
5980
11025
15032
5217
29368
17965
12043
32429
5446
5232
5056
3669
10300
9217
24816
13147
4772
23191
21768
9164
7786
22075
25209
25248
29620
19278
9649
11746
24177
973
30539
6161
4661
25556
28290
20677
24644
5985
26604
24725
5101
19803
25701
23609
26905
9171
21576
21228
20771
10633
8934
31764
31210
6322
5680
26661
19237
12024
22199
14531
19959
18115
13271
9255
12996
5559
30766
18371
26946
13438
25171
3625
32467
21447
5573
11305
14098
17038
6178
31033
4779
10654
11930
10011
14449
8277
12194
7353
29866
32424
7405
30804
17069
4198
6552
31965
5296
3521
4261
28323
19931
32010
8106
9007
8865
25020
6602
18540
21327
23740
14053
9996
29925
8671
17164
25638
15398
26285
25144
1572
32491
11877
15419
16604
24508
5953
9462
19709
22433
3322
5325
20141
4662
1167
1368
3952
20478
9539
1627
3916
17145
740
7929
12587
6521
19795
20260
1664
11057
6465
17752
32301
31887
9783
7305
31397
3148
17881
13914
4941
8001
18539
1423
1321
32380
4756
23749
5812
23443
16482
5472
29455
20280
31119
8902
16478
9742
23299
26059
30064
28603
6553
21611
12958
1087
16934
18879
8693
29572
15032
4650
8855
4917
26907
2004
17246
7892
8866
21337
20675
7687
18723
9410
31230
1331
14660
30900
20847
17484
28149
15847
11325
14316
32062
28378
9533
12450
21051
29637
18197
1164
18533
24784
8609
24360
3090
25730
20117
17255
25664
31356
10596
29699
18830
13927
15969
13843
28299
15147
13604
8669
7475
12897
14896
30187
3511
22540
11219
8289
6781
28291
3661
29325
30056
11954
2868
12992
16985
2178
22
92
15094
18326
24673
15919
16298
28728
28288
30463
31212
26771
4167
28774
29637
16930
17041
24545
18572
14184
28711
30243
21237
12770
12260
13487
31818
27706
11799
16805
4343
1213
17705
11740
15948
5135
2432
24882
7551
7197
19618
8480
28656
25428
23454
26002
28849
4113
31912
28661
24390
6232
28675
22673
10153
22984
30756
1561
19346
28110
11540
17280
28916
3610
7958
26639
14795
7503
3210
17845
18709
10239
12049
20894
6430
29142
25586
15110
1793
25365
13244
25680
14188
27202
32045
29266
14499
9758
18259
26100
1480
27608
32497
29689
20313
32128
8996
3868
11514
1214
9542
22623
7285
9668
19
27040
29183
16001
18954
11885
7613
9752
18198
16153
27270
144
15726
29199
6635
31437
4538
5991
372
703
28279
4791
3373
20441
31388
18220
19297
20421
25470
2521
26022
19286
15857
3662
11033
22462
688
365
4075
26625
10751
18041
17949
4777
10894
2672
21383
24508
24481
8603
18719
13035
6766
25443
32632
9740
25286
30822
31881
26570
11000
20170
26288
29339
31475
10449
10487
12275
22186
31150
11413
23480
25533
1176
19384
15349
4693
29212
24961
210
19791
20407
6992
24772
30110
11684
28483
17665
11498
20211
23545
6711
13181
8155
21916
6525
23904
26193
1054
7562
25281
24793
14018
22564
3992
18333
12511
31708
5771
25532
13281
11769
2830
12516
27280
21682
18126
15651
6549
5536
15952
15098
14649
6258
2261
31156
23665
25059
8066
14325
2328
23273
6077
1174
25979
22575
23770
8624
24346
13766
11511
7671
11949
23320
23844
6218
23910
15133
10440
24968
12150
9425
4160
28836
6098
30693
2760
23804
6455
4532
3999
21222
14443
1658
14950
13964
25543
31424
3785
26875
29682
12571
8034
25462
10735
8214
7130
7440
20058
9325
2642
28282
21998
9084
12289
26649
12107
12790
27934
20059
7670
4826
4096
12364
18082
8867
25476
19556
20654
704
31919
14243
16622
6467
2964
31457
29102
14557
13176
6751
19444
1290
11829
15265
9734
26249
16092
23936
27436
9231
14238
22139
28855
29500
5869
3406
7234
5582
32734
8134
16184
22293
4562
27603
19351
32167
25429
11999
17907
1364
9286
12126
6333
13660
11065
9382
11461
26336
29209
20737
27390
3991
17938
513
2945
25794
11949
27412
21973
10850
20541
3672
13934
680
19835
10161
19827
20909
27757
19992
23237
2403
652
16182
11068
29132
27685
2353
27444
16745
4864
1734
584
6646
18496
24984
23645
15700
30090
3783
17379
3783
26985
31173
12631
13409
17137
20837
13324
27838
16547
11061
22572
27890
30353
28942
11769
23232
12227
19689
22105
14093
32472
1780
14482
19603
16880
2534
17746
30426
7626
399
27378
21860
13354
18355
7931
16168
6526
4888
8426
2627
19904
7390
23088
31721
15518
12303
32637
29857
2265
22391
22334
11442
9963
7606
18789
5336
2796
5011
7272
12092
28086
4243
908
29859
27976
25035
25187
6630
3176
23282
27027
18850
21901
32186
28890
9776
9467
11104
12879
10200
24112
5250
19179
11073
4223
23346
9287
17452
20219
6984
11175
10338
16278
19708
31288
18155
9610
13748
21142
24449
27384
23322
6033
11845
28111
11378
8241
32688
5104
22059
3320
16587
27280
29619
614
24483
21725
5008
27843
4087
3556
16813
12568
18485
434
3057
28543
2725
16825
13590
15004
20195
6262
2489
26732
8082
81
2989
24637
16463
453
26517
2558
28644
15552
26802
17081
6846
8525
24313
31326
4514
7024
11113
24258
6299
13905
26267
14311
25143
31389
21915
22910
19186
3114
8438
19882
26867
19162
532
7431
17398
31425
23240
22507
18826
14218
27430
17644
20860
14102
6549
22690
18067
8039
293
23214
18301
29629
14882
23546
21514
23806
4329
25155
23192
20827
7930
27861
14799
24369
31311
13974
2702
7981
28396
22854
17956
4532
30392
13829
7364
27522
25483
18198
4147
5521
28552
16098
9924
25660
10157
6208
19078
18852
25768
31731
10428
1875
17900
8052
9613
8991
25349
243
14333
9041
10024
9368
16924
22023
2831
14094
14717
10199
8452
14658
13290
19893
10043
6504
11350
17943
5220
23872
5139
30039
21121
16791
1094
24920
7157
29456
9111
20588
11998
17444
5165
20341
19109
1128
32217
25419
11220
23822
2193
26974
31271
22191
23329
27549
23781
27720
29213
27542
10608
20354
25370
26846
24603
16950
24605
9907
27453
10544
3924
29920
21636
15411
2820
32737
25739
30526
7619
27720
24750
12558
3815
16735
23325
31460
4926
26383
18735
11656
13824
15104
21497
18318
19969
258
5920
216
21291
12972
16875
14172
10284
29250
20124
6439
11372
9436
17409
12194
10818
30661
13638
12309
30055
21794
29709
13673
19883
3028
10432
18226
23014
11935
17702
20973
20274
28299
1333
29829
6231
29834
29224
18205
4487
32348
7121
32521
11340
17072
31791
5149
4030
24716
14659
19243
2297
24046
14624
18887
24526
31156
15426
5965
25529
21689
29216
12070
17683
13889
15364
2118
3721
28567
4635
13817
21197
8948
16072
1504
25227
29091
25662
16182
7839
21859
78
26456
14981
10509
25213
12165
785
9334
18522
28642
32096
20375
5135
21441
29198
12523
20789
6946
14505
15129
31725
5498
22374
15827
15916
14772
19219
24062
5974
32630
2893
22803
8719
23973
7923
6085
27726
4651
21723
21476
5554
5880
29891
21889
10266
26694
31882
2899
24176
34
15776
601
19909
11048
28347
193
9379
6798
1483
18441
29854
22372
28209
16996
14893
31513
28459
8031
5816
20802
22163
9156
28914
18071
15306
12478
28521
18750
28399
17983
348
32333
26708
1183
27084
28810
19506
29062
213
7285
22171
1035
7999
32136
17329
15389
26705
189
2070
18722
26085
81
28067
991
10946
11463
26717
16280
28453
1841
14244
13944
23457
20651
10158
5427
30249
4904
1844
27113
25964
10097
9579
31310
32353
23658
27702
17672
20514
9111
27290
12888
8701
26336
25458
14333
6088
27537
13412
29781
28790
26277
10515
1222
4840
9796
3734
7004
23813
29834
6954
6067
26893
6026
32291
10008
15658
4755
11305
12267
6473
3250
15264
3143
22311
119
25960
22502
4271
6396
32199
21822
131
24612
31139
11760
20697
8737
21493
4707
19592
10809
26490
31916
9826
15561
4268
6834
19141
29322
11248
9103
28525
22803
17425
7225
21900
31903
1261
20321
29213
16145
18030
31899
28789
8245
17340
704
17179
23369
21169
2448
14041
32188
12174
28316
15379
23349
12524
31076
23128
